strategy,trend_mode,session_filter,r_target,risk_pct,trades,win_rate_pct,profit_factor,expectancy_R,exp_R_ci_low,exp_R_ci_high,prob_no_edge,net_return_pct,max_drawdown_pct,worst_losing_streak,timeouts,skipped_overlapping,final_equity
001A,ema50,True,1.0,0.25,357,49.86,0.978,-0.0099,-0.1145,0.0938,0.5737,-1.0,-6.17,10,1,166,9900.41
001A,ema50,True,1.0,0.5,357,49.86,0.976,-0.0099,-0.1145,0.0938,0.5737,-2.2,-12.1,10,1,166,9779.82
001A,ema50,True,1.5,0.25,333,40.54,1.003,0.0035,-0.1295,0.1356,0.4799,0.14,-6.86,10,3,190,10013.81
001A,ema50,True,1.5,0.5,333,40.54,1.0,0.0035,-0.1295,0.1356,0.4799,-0.04,-13.43,10,3,190,9996.4
001A,ema50,True,2.0,0.25,309,33.01,0.949,-0.0322,-0.1898,0.1258,0.6602,-2.64,-7.03,13,6,214,9736.17
001A,ema50,True,2.0,0.5,309,33.01,0.946,-0.0322,-0.1898,0.1258,0.6602,-5.56,-13.77,13,6,214,9443.67
001A,ema50,True,2.5,0.25,297,29.29,0.947,-0.035,-0.2084,0.1396,0.653,-2.77,-8.7,14,13,226,9722.52
001A,ema50,True,2.5,0.5,297,29.29,0.944,-0.035,-0.2084,0.1396,0.653,-5.88,-16.85,14,13,226,9411.64
001A,ema50,True,3.0,0.25,288,27.43,0.983,-0.009,-0.2004,0.1879,0.5463,-0.9,-5.86,14,17,235,9910.39
001A,ema50,True,3.0,0.5,288,27.43,0.978,-0.009,-0.2004,0.1879,0.5463,-2.27,-11.61,14,17,235,9772.62
001A,ema50,False,1.0,0.25,408,49.75,0.974,-0.0119,-0.1083,0.084,0.5893,-1.34,-7.16,11,1,214,9866.37
001A,ema50,False,1.0,0.5,408,49.75,0.972,-0.0119,-0.1083,0.084,0.5893,-2.9,-13.96,11,1,214,9709.54
001A,ema50,False,1.5,0.25,372,40.59,1.002,0.003,-0.1213,0.1282,0.4887,0.1,-9.33,11,2,250,10009.98
001A,ema50,False,1.5,0.5,372,40.59,0.999,0.003,-0.1213,0.1282,0.4887,-0.15,-17.97,11,2,250,9985.0
001A,ema50,False,2.0,0.25,342,33.04,0.953,-0.0297,-0.1769,0.122,0.6558,-2.72,-9.38,14,6,280,9728.46
001A,ema50,False,2.0,0.5,342,33.04,0.95,-0.0297,-0.1769,0.122,0.6558,-5.75,-18.1,14,6,280,9424.81
001A,ema50,False,2.5,0.25,328,29.27,0.927,-0.0501,-0.213,0.1175,0.7295,-4.25,-11.09,15,16,294,9574.87
001A,ema50,False,2.5,0.5,328,29.27,0.924,-0.0501,-0.213,0.1175,0.7295,-8.76,-21.17,15,16,294,9124.49
001A,ema50,False,3.0,0.25,322,27.33,0.964,-0.0233,-0.2027,0.1587,0.5986,-2.13,-9.08,15,20,300,9787.42
001A,ema50,False,3.0,0.5,322,27.33,0.96,-0.0233,-0.2027,0.1587,0.5986,-4.73,-17.56,15,20,300,9526.64
001A,ema50_200,True,1.0,0.25,225,52.0,1.063,0.0319,-0.0981,0.1621,0.307,1.74,-3.29,6,1,103,10174.01
001A,ema50_200,True,1.0,0.5,225,52.0,1.059,0.0319,-0.0981,0.1621,0.307,3.36,-6.51,6,1,103,10336.45
001A,ema50_200,True,1.5,0.25,210,43.33,1.121,0.0714,-0.0969,0.2384,0.2008,3.71,-3.97,10,3,118,10371.46
001A,ema50_200,True,1.5,0.5,210,43.33,1.117,0.0714,-0.0969,0.2384,0.2008,7.35,-7.81,10,3,118,10735.23
001A,ema50_200,True,2.0,0.25,197,38.07,1.176,0.1124,-0.0872,0.3159,0.1363,5.56,-3.73,10,5,131,10555.72
001A,ema50_200,True,2.0,0.5,197,38.07,1.171,0.1124,-0.0872,0.3159,0.1363,11.14,-7.35,10,5,131,11113.86
001A,ema50_200,True,2.5,0.25,188,33.51,1.159,0.1097,-0.1188,0.3433,0.1751,5.13,-4.09,11,8,140,10513.21
001A,ema50_200,True,2.5,0.5,188,33.51,1.155,0.1097,-0.1188,0.3433,0.1751,10.2,-8.04,11,8,140,11019.63
001A,ema50_200,True,3.0,0.25,181,32.04,1.265,0.1856,-0.0708,0.4482,0.0807,8.56,-3.73,11,10,147,10856.47
001A,ema50_200,True,3.0,0.5,181,32.04,1.259,0.1856,-0.0708,0.4482,0.0807,17.44,-7.35,11,10,147,11744.08
001A,ema50_200,False,1.0,0.25,256,52.73,1.095,0.047,-0.0752,0.1682,0.2263,2.97,-3.49,6,1,138,10297.07
001A,ema50_200,False,1.0,0.5,256,52.73,1.091,0.047,-0.0752,0.1682,0.2263,5.86,-6.89,6,1,138,10585.94
001A,ema50_200,False,1.5,0.25,234,44.44,1.167,0.0965,-0.0618,0.256,0.1161,5.69,-4.69,11,2,160,10568.57
001A,ema50_200,False,1.5,0.5,234,44.44,1.162,0.0965,-0.0618,0.256,0.1161,11.44,-9.19,11,2,160,11144.27
001A,ema50_200,False,2.0,0.25,215,38.6,1.206,0.1307,-0.0619,0.3242,0.0923,7.12,-4.46,11,5,179,10712.38
001A,ema50_200,False,2.0,0.5,215,38.6,1.201,0.1307,-0.0619,0.3242,0.0923,14.43,-8.75,11,5,179,11443.17
001A,ema50_200,False,2.5,0.25,205,34.15,1.172,0.1175,-0.1,0.3425,0.1446,6.04,-4.7,11,10,189,10603.54
001A,ema50_200,False,2.5,0.5,205,34.15,1.167,0.1175,-0.1,0.3425,0.1446,12.07,-9.21,11,10,189,11206.85
001A,ema50_200,False,3.0,0.25,200,32.5,1.26,0.1826,-0.0572,0.4393,0.0712,9.34,-4.23,11,13,194,10934.19
001A,ema50_200,False,3.0,0.5,200,32.5,1.252,0.1826,-0.0572,0.4393,0.0712,19.09,-8.31,11,13,194,11908.89
001B,ema50,True,1.0,0.25,308,47.08,0.88,-0.0622,-0.1729,0.0486,0.8634,-4.77,-6.81,7,0,341,9523.38
001B,ema50,True,1.0,0.5,308,47.08,0.876,-0.0622,-0.1729,0.0486,0.8634,-9.48,-13.28,7,0,341,9051.9
001B,ema50,True,1.5,0.25,286,37.41,0.872,-0.0787,-0.2169,0.0626,0.8648,-5.59,-8.32,9,4,363,9440.63
001B,ema50,True,1.5,0.5,286,37.41,0.868,-0.0787,-0.2169,0.0626,0.8648,-11.11,-16.12,9,4,363,8889.45
001B,ema50,True,2.0,0.25,270,31.85,0.851,-0.0976,-0.2574,0.0676,0.8842,-6.52,-9.45,14,14,379,9348.1
001B,ema50,True,2.0,0.5,270,31.85,0.845,-0.0976,-0.2574,0.0676,0.8842,-12.88,-18.16,14,14,379,8711.96
001B,ema50,True,2.5,0.25,257,27.63,0.785,-0.1517,-0.321,0.0252,0.9548,-9.44,-11.84,18,24,392,9056.45
001B,ema50,True,2.5,0.5,257,27.63,0.78,-0.1517,-0.321,0.0252,0.9548,-18.25,-22.48,18,24,392,8175.19
001B,ema50,True,3.0,0.25,248,26.61,0.784,-0.1533,-0.3363,0.0367,0.9427,-9.23,-11.58,18,31,401,9077.45
001B,ema50,True,3.0,0.5,248,26.61,0.778,-0.1533,-0.3363,0.0367,0.9427,-17.89,-22.03,18,31,401,8211.27
001B,ema50,False,1.0,0.25,339,46.9,0.873,-0.0658,-0.1724,0.0409,0.8937,-5.52,-7.54,7,0,413,9447.93
001B,ema50,False,1.0,0.5,339,46.9,0.87,-0.0658,-0.1724,0.0409,0.8937,-10.93,-14.64,7,0,413,8907.3
001B,ema50,False,1.5,0.25,313,37.06,0.859,-0.0874,-0.222,0.0499,0.8985,-6.74,-10.11,12,4,439,9325.73
001B,ema50,False,1.5,0.5,313,37.06,0.856,-0.0874,-0.222,0.0499,0.8985,-13.28,-19.38,12,4,439,8672.31
001B,ema50,False,2.0,0.25,296,32.09,0.874,-0.0816,-0.2335,0.0742,0.8508,-6.02,-9.87,14,16,456,9398.09
001B,ema50,False,2.0,0.5,296,32.09,0.869,-0.0816,-0.2335,0.0742,0.8508,-11.97,-18.9,14,16,456,8802.61
001B,ema50,False,2.5,0.25,279,28.32,0.829,-0.1189,-0.2839,0.0537,0.9124,-8.13,-12.22,16,26,473,9187.28
001B,ema50,False,2.5,0.5,279,28.32,0.825,-0.1189,-0.2839,0.0537,0.9124,-15.9,-23.17,16,26,473,8409.99
001B,ema50,False,3.0,0.25,272,27.21,0.832,-0.1173,-0.2923,0.068,0.8955,-7.85,-11.42,16,35,480,9215.42
001B,ema50,False,3.0,0.5,272,27.21,0.827,-0.1173,-0.2923,0.068,0.8955,-15.41,-21.77,16,35,480,8458.92
001B,ema50_200,True,1.0,0.25,204,47.06,0.88,-0.0624,-0.2001,0.0753,0.8175,-3.19,-4.39,7,0,208,9680.53
001B,ema50_200,True,1.0,0.5,204,47.06,0.877,-0.0624,-0.2001,0.0753,0.8175,-6.41,-8.7,7,0,208,9359.23
001B,ema50_200,True,1.5,0.25,191,39.27,0.937,-0.0369,-0.2063,0.1359,0.6662,-1.83,-4.2,8,4,221,9817.0
001B,ema50_200,True,1.5,0.5,191,39.27,0.933,-0.0369,-0.2063,0.1359,0.6662,-3.79,-8.34,8,4,221,9620.52
001B,ema50_200,True,2.0,0.25,180,34.44,0.957,-0.0255,-0.2214,0.1761,0.5941,-1.24,-4.88,11,10,232,9875.62
001B,ema50_200,True,2.0,0.5,180,34.44,0.953,-0.0255,-0.2214,0.1761,0.5941,-2.68,-9.63,11,10,232,9732.3
001B,ema50_200,True,2.5,0.25,171,29.24,0.867,-0.0905,-0.3025,0.1321,0.7912,-3.9,-5.56,13,15,241,9609.78
001B,ema50_200,True,2.5,0.5,171,29.24,0.862,-0.0905,-0.3025,0.1321,0.7912,-7.86,-10.99,13,15,241,9213.89
001B,ema50_200,True,3.0,0.25,165,27.88,0.894,-0.0721,-0.3032,0.1738,0.7229,-3.05,-5.44,13,18,247,9694.71
001B,ema50_200,True,3.0,0.5,165,27.88,0.889,-0.0721,-0.3032,0.1738,0.7229,-6.25,-10.68,13,18,247,9375.01
001B,ema50_200,False,1.0,0.25,226,46.9,0.874,-0.0657,-0.1985,0.0673,0.8427,-3.71,-5.05,10,0,254,9629.14
001B,ema50_200,False,1.0,0.5,226,46.9,0.871,-0.0657,-0.1985,0.0673,0.8427,-7.41,-9.91,10,0,254,9258.84
001B,ema50_200,False,1.5,0.25,209,38.76,0.917,-0.0495,-0.2118,0.1167,0.7176,-2.64,-5.38,10,4,271,9735.6
001B,ema50_200,False,1.5,0.5,209,38.76,0.914,-0.0495,-0.2118,0.1167,0.7176,-5.4,-10.54,10,4,271,9460.15
001B,ema50_200,False,2.0,0.25,197,34.52,0.971,-0.0161,-0.2037,0.179,0.569,-0.91,-5.1,14,11,283,9909.46
001B,ema50_200,False,2.0,0.5,197,34.52,0.967,-0.0161,-0.2037,0.179,0.569,-2.03,-10.02,14,11,283,9797.08
001B,ema50_200,False,2.5,0.25,185,29.73,0.895,-0.07,-0.2777,0.1495,0.7386,-3.31,-6.82,14,16,295,9669.29
001B,ema50_200,False,2.5,0.5,185,29.73,0.891,-0.07,-0.2777,0.1495,0.7386,-6.74,-13.25,14,16,295,9326.25
001B,ema50_200,False,3.0,0.25,180,28.33,0.926,-0.0494,-0.2743,0.1891,0.6626,-2.34,-6.32,14,20,300,9766.4
001B,ema50_200,False,3.0,0.5,180,28.33,0.92,-0.0494,-0.2743,0.1891,0.6626,-4.88,-12.32,14,20,300,9511.5
