ts,direction,zone_id,reason,session,price,stop_distance,atr15
2015-03-03 01:15:00+00:00,-1,26,stop_too_wide,off,1205.8964999999998,8.322,1.39
2015-03-03 02:00:00+00:00,-1,21,stop_too_wide,off,1196.745,14.335,2.001
2015-03-03 10:15:00+00:00,-1,26,stop_too_wide,london,1208.2669999999998,5.966,1.421
2015-03-03 13:00:00+00:00,-1,26,stop_too_wide,overlap,1207.635,6.664,1.551
2015-03-03 13:30:00+00:00,-1,26,stop_too_wide,overlap,1206.326,8.034,1.673
2015-03-03 15:45:00+00:00,-1,26,stop_too_wide,overlap,1203.6779999999999,12.58,2.678
2015-03-04 05:45:00+00:00,-1,26,stop_too_wide,off,1208.3429999999998,5.659,0.958
2015-03-04 20:00:00+00:00,-1,21,stop_too_wide,newyork,1199.557,7.287,1.513
2015-03-04 20:15:00+00:00,-1,21,stop_too_wide,newyork,1199.262,7.56,1.469
2015-03-30 11:30:00+00:00,-1,40,stop_too_wide,london,1182.839,6.573,1.504
2015-03-31 02:45:00+00:00,-1,40,stop_too_wide,off,1183.592,5.105,1.052
2015-03-31 03:15:00+00:00,-1,40,stop_too_wide,off,1183.0065,5.697,1.066
2015-04-01 08:30:00+00:00,-1,40,stop_too_wide,london,1183.328,5.362,1.039
2015-04-23 05:15:00+00:00,-1,39,stop_too_wide,off,1189.105,4.465,0.978
2015-04-23 06:00:00+00:00,-1,39,stop_too_wide,off,1188.491,5.086,0.992
2015-04-23 08:15:00+00:00,-1,42,stop_too_wide,london,1188.8015,8.23,1.29
2015-04-23 10:00:00+00:00,-1,39,stop_too_wide,london,1188.4389999999999,5.248,1.212
2015-04-23 11:00:00+00:00,-1,42,stop_too_wide,london,1189.7350000000001,7.244,1.183
2015-04-23 13:00:00+00:00,-1,42,stop_too_wide,overlap,1188.8125,8.368,1.587
2015-04-24 11:00:00+00:00,-1,39,stop_too_wide,london,1187.8635,5.881,1.327
2015-04-24 11:00:00+00:00,-1,42,stop_too_wide,london,1187.8635,9.187,1.327
2015-04-27 03:45:00+00:00,-1,40,stop_too_wide,off,1182.655,5.934,0.84
2015-04-27 06:15:00+00:00,-1,40,stop_too_wide,off,1181.6145000000001,6.977,0.843
2015-04-27 08:00:00+00:00,-1,40,stop_too_wide,london,1182.289,6.36,0.958
2015-04-27 08:15:00+00:00,-1,40,stop_too_wide,london,1182.216,6.432,0.957
2015-05-08 01:00:00+00:00,-1,40,stop_too_wide,off,1182.411,6.188,0.859
2015-05-08 08:45:00+00:00,-1,47,stop_too_wide,london,1186.5,4.349,0.998
2015-05-08 09:45:00+00:00,-1,47,stop_too_wide,london,1186.345,4.521,1.032
2015-05-08 12:30:00+00:00,-1,42,stop_too_wide,overlap,1185.45,12.234,2.594
2015-05-10 23:45:00+00:00,-1,42,stop_too_wide,off,1190.0615,6.798,0.945
2015-06-01 06:45:00+00:00,-1,52,stop_too_wide,off,1188.42,7.221,0.985
2015-06-01 07:15:00+00:00,-1,47,stop_too_wide,london,1186.344,6.174,1.147
2015-06-01 09:45:00+00:00,-1,47,stop_too_wide,london,1186.7579999999998,4.08,0.976
2015-06-01 19:45:00+00:00,-1,52,stop_too_wide,newyork,1188.925,7.025,1.605
2015-06-01 20:00:00+00:00,-1,52,stop_too_wide,newyork,1188.774,7.175,1.601
2015-06-02 02:00:00+00:00,-1,47,stop_too_wide,off,1186.734,4.104,0.976
2015-06-02 02:15:00+00:00,-1,47,stop_too_wide,off,1186.705,4.13,0.97
2015-06-02 13:15:00+00:00,-1,48,stop_too_wide,overlap,1192.884,9.22,2.29
2015-06-03 08:00:00+00:00,-1,52,stop_too_wide,london,1189.857,5.817,1.052
2015-06-03 16:15:00+00:00,-1,52,stop_too_wide,newyork,1188.101,7.854,1.614
2015-06-04 01:15:00+00:00,-1,62,stop_too_wide,off,1183.2505,4.579,1.054
2015-06-04 07:00:00+00:00,-1,54,stop_too_wide,london,1180.6109999999999,6.1,1.351
2015-06-04 12:15:00+00:00,-1,54,stop_too_wide,overlap,1179.8835,6.919,1.639
2015-06-05 01:15:00+00:00,-1,53,stop_too_wide,off,1177.612,4.996,0.856
2015-06-05 01:30:00+00:00,-1,53,stop_too_wide,off,1177.3795,5.225,0.849
2015-06-05 02:30:00+00:00,-1,53,stop_too_wide,off,1177.6455,4.937,0.805
2015-06-05 03:15:00+00:00,-1,53,stop_too_wide,off,1177.645,4.902,0.734
2015-06-05 03:30:00+00:00,-1,53,stop_too_wide,off,1177.5155,5.014,0.7
2015-06-05 04:15:00+00:00,-1,53,stop_too_wide,off,1177.4935,5.008,0.644
2015-06-05 06:15:00+00:00,-1,53,stop_too_wide,off,1176.9605000000001,5.557,0.675
2015-06-09 05:30:00+00:00,-1,53,stop_too_wide,off,1177.1745,5.426,0.84
2015-06-09 06:15:00+00:00,-1,53,stop_too_wide,off,1176.755,5.887,0.923
2015-06-09 06:45:00+00:00,-1,53,stop_too_wide,off,1177.3535000000002,5.296,0.938
2015-06-09 07:15:00+00:00,-1,53,stop_too_wide,london,1176.5500000000002,6.131,1.001
2015-06-09 12:30:00+00:00,-1,54,stop_too_wide,overlap,1179.5215,7.159,1.395
2015-06-09 13:45:00+00:00,-1,53,stop_too_wide,overlap,1177.515,6.28,1.561
2015-06-09 13:45:00+00:00,-1,54,stop_too_wide,overlap,1177.515,9.248,1.561
2015-06-09 18:15:00+00:00,-1,53,stop_too_wide,newyork,1177.634,5.061,1.03
2015-06-09 19:00:00+00:00,-1,53,stop_too_wide,newyork,1177.25,5.384,0.908
2015-06-10 01:15:00+00:00,-1,53,stop_too_wide,off,1176.8095,5.718,0.695
2015-06-11 12:15:00+00:00,-1,53,stop_too_wide,overlap,1177.5749999999998,5.246,1.282
2015-06-11 17:30:00+00:00,-1,54,stop_too_wide,newyork,1180.42,6.325,1.524
2015-06-12 08:00:00+00:00,-1,54,stop_too_wide,london,1180.0300000000002,6.422,0.938
2015-06-12 08:30:00+00:00,-1,54,stop_too_wide,london,1179.8445000000002,6.606,0.936
2015-06-12 12:15:00+00:00,-1,54,stop_too_wide,overlap,1179.7935,6.684,0.989
2015-06-12 15:15:00+00:00,-1,54,stop_too_wide,overlap,1180.56,6.161,1.477
2015-06-12 16:30:00+00:00,-1,54,stop_too_wide,newyork,1180.37,6.254,1.283
2015-06-12 17:15:00+00:00,-1,54,stop_too_wide,newyork,1180.26,6.315,1.184
2015-06-12 19:15:00+00:00,-1,54,stop_too_wide,newyork,1180.476,5.97,0.927
2015-06-15 07:15:00+00:00,-1,62,stop_too_wide,london,1183.1035000000002,4.741,1.084
2015-06-15 07:30:00+00:00,-1,54,stop_too_wide,london,1179.3385,7.295,1.3
2015-06-15 07:30:00+00:00,-1,68,stop_too_wide,london,1179.3385,6.724,1.3
2015-06-15 09:45:00+00:00,-1,53,stop_too_wide,london,1174.1985,8.706,1.449
2015-06-15 12:00:00+00:00,-1,54,stop_too_wide,overlap,1179.565,7.286,1.737
2015-06-16 19:30:00+00:00,-1,68,stop_too_wide,newyork,1181.87,4.01,0.936
2015-06-16 19:45:00+00:00,-1,68,stop_too_wide,newyork,1181.8395,4.056,0.967
2015-06-16 22:45:00+00:00,-1,68,stop_too_wide,off,1181.915,3.858,0.721
2015-06-16 23:15:00+00:00,-1,68,stop_too_wide,off,1181.9450000000002,3.795,0.655
2015-06-17 00:00:00+00:00,-1,68,stop_too_wide,off,1181.9195,3.827,0.668
2015-06-17 00:15:00+00:00,-1,68,stop_too_wide,off,1181.2345,4.525,0.695
2015-06-17 01:00:00+00:00,-1,54,stop_too_wide,off,1180.54,5.797,0.709
2015-06-17 02:45:00+00:00,-1,54,stop_too_wide,off,1180.2735,6.111,0.804
2015-06-17 04:00:00+00:00,-1,54,stop_too_wide,off,1180.3049999999998,6.05,0.744
2015-06-17 14:30:00+00:00,-1,53,stop_too_wide,overlap,1175.5925000000002,7.141,1.107
2015-07-01 14:30:00+00:00,-1,64,stop_too_wide,overlap,1169.5355,8.63,1.676
2015-07-02 01:00:00+00:00,-1,67,stop_too_wide,off,1167.529,5.567,0.739
2015-07-02 05:45:00+00:00,-1,67,stop_too_wide,off,1167.2930000000001,5.718,0.568
2015-07-02 13:15:00+00:00,-1,67,stop_too_wide,overlap,1165.025,8.764,2.124
2015-07-03 04:30:00+00:00,-1,67,stop_too_wide,off,1166.9904999999999,6.112,0.752
2015-07-03 07:00:00+00:00,-1,67,stop_too_wide,london,1167.595,5.525,0.785
2015-07-03 14:15:00+00:00,-1,67,stop_too_wide,overlap,1167.4935,5.796,1.124
2015-07-03 15:00:00+00:00,-1,67,stop_too_wide,overlap,1167.2334999999998,6.013,1.039
2015-07-06 00:30:00+00:00,-1,64,stop_too_wide,off,1170.914,7.106,1.386
2015-07-06 01:00:00+00:00,-1,64,stop_too_wide,off,1169.879,8.199,1.502
2015-07-06 07:15:00+00:00,-1,67,stop_too_wide,london,1167.5185000000001,5.715,1.014
2015-07-06 16:00:00+00:00,-1,67,stop_too_wide,newyork,1167.6235000000001,5.72,1.233
2015-07-06 18:30:00+00:00,-1,64,stop_too_wide,newyork,1170.7795,7.221,1.346
2015-07-07 03:30:00+00:00,-1,67,stop_too_wide,off,1167.5790000000002,5.546,0.796
2015-07-07 04:15:00+00:00,-1,67,stop_too_wide,off,1167.27,5.83,0.746
2015-07-07 05:15:00+00:00,-1,67,stop_too_wide,off,1167.396,5.695,0.727
2015-07-07 07:30:00+00:00,-1,67,stop_too_wide,london,1167.5585,5.588,0.84
2015-07-07 09:15:00+00:00,-1,67,stop_too_wide,london,1166.1390000000001,7.075,0.974
2015-07-07 10:15:00+00:00,-1,67,stop_too_wide,london,1166.6885,6.546,1.014
2015-07-09 13:30:00+00:00,-1,67,stop_too_wide,overlap,1165.6745,7.986,1.867
2015-07-13 08:45:00+00:00,-1,74,stop_too_wide,london,1155.003,7.422,1.55
2015-07-14 00:15:00+00:00,-1,74,stop_too_wide,off,1155.885,4.167,0.842
2015-07-14 01:00:00+00:00,-1,74,stop_too_wide,off,1155.7530000000002,4.298,0.841
2015-07-14 01:15:00+00:00,-1,74,stop_too_wide,off,1155.205,4.855,0.858
2015-07-14 03:15:00+00:00,-1,74,stop_too_wide,off,1155.5,4.495,0.728
2015-07-14 04:15:00+00:00,-1,74,stop_too_wide,off,1155.9105,4.052,0.663
2015-07-14 06:00:00+00:00,-1,74,stop_too_wide,off,1155.145,4.924,0.876
2015-07-15 00:15:00+00:00,-1,74,stop_too_wide,off,1155.916,4.05,0.669
2015-07-15 01:45:00+00:00,-1,74,stop_too_wide,off,1155.7620000000002,4.179,0.62
2015-07-15 02:00:00+00:00,-1,74,stop_too_wide,off,1155.5345000000002,4.408,0.622
2015-07-15 05:15:00+00:00,-1,74,stop_too_wide,off,1155.3265000000001,4.561,0.514
2015-07-15 13:00:00+00:00,-1,80,stop_too_wide,overlap,1149.3135000000002,7.064,1.189
2015-07-15 14:45:00+00:00,-1,78,stop_too_wide,overlap,1145.6835,7.028,1.663
2015-07-16 07:45:00+00:00,-1,78,stop_too_wide,london,1145.4,4.614,0.843
2015-07-16 08:45:00+00:00,-1,78,stop_too_wide,london,1145.5430000000001,4.541,0.983
2015-07-16 17:15:00+00:00,-1,78,stop_too_wide,newyork,1145.1750000000002,5.044,1.253
2015-07-16 18:00:00+00:00,-1,78,stop_too_wide,newyork,1145.6705,4.479,1.114
2015-07-16 19:30:00+00:00,-1,78,stop_too_wide,newyork,1145.4095,4.653,0.94
2015-07-16 22:00:00+00:00,-1,78,stop_too_wide,off,1145.284,4.691,0.765
2015-07-17 07:30:00+00:00,-1,78,stop_too_wide,london,1145.37,4.548,0.65
2015-07-17 12:30:00+00:00,-1,82,stop_too_wide,overlap,1139.71,5.639,1.107
2015-11-20 07:30:00+00:00,-1,140,stop_too_wide,off,1082.1345000000001,4.998,0.993
2015-11-20 10:15:00+00:00,-1,143,stop_too_wide,london,1085.42,6.435,1.333
2015-11-20 12:15:00+00:00,-1,143,stop_too_wide,london,1084.3585,7.461,1.263
2015-11-20 13:15:00+00:00,-1,143,stop_too_wide,overlap,1082.9915,8.966,1.538
2015-12-02 13:15:00+00:00,-1,147,stop_too_wide,overlap,1060.5515,9.222,1.132
2015-12-03 23:15:00+00:00,-1,147,stop_too_wide,off,1063.0065,7.08,1.757
2015-12-04 03:45:00+00:00,-1,147,stop_too_wide,off,1062.357,7.592,1.482
2015-12-21 03:30:00+00:00,-1,150,stop_too_wide,off,1069.1795,7.975,1.192
2015-12-23 17:15:00+00:00,-1,150,stop_too_wide,newyork,1069.4234999999999,7.742,1.214
2016-02-15 15:30:00+00:00,1,181,stop_too_wide,overlap,1205.0995,9.08,2.16
2016-02-16 09:00:00+00:00,1,181,stop_too_wide,london,1205.799,12.393,2.936
2016-02-17 12:00:00+00:00,1,181,stop_too_wide,london,1205.1635,9.189,2.251
2016-02-17 13:15:00+00:00,1,181,stop_too_wide,overlap,1207.81,11.983,2.545
2016-02-18 11:15:00+00:00,1,181,stop_too_wide,london,1203.283,6.922,1.477
2016-02-18 11:45:00+00:00,1,181,stop_too_wide,london,1203.9505,7.605,1.508
2016-02-18 17:00:00+00:00,1,185,stop_too_wide,newyork,1221.859,12.231,2.247
2016-02-29 04:00:00+00:00,1,188,stop_too_wide,off,1225.2,8.762,1.792
2016-03-01 01:30:00+00:00,1,187,stop_too_wide,off,1246.2765,10.53,2.147
2016-03-01 04:30:00+00:00,1,187,stop_too_wide,off,1245.9245,9.263,1.718
2016-03-03 14:30:00+00:00,1,187,stop_too_wide,overlap,1246.4,9.394,1.99
2016-03-03 15:00:00+00:00,1,187,stop_too_wide,overlap,1251.9205,15.161,2.484
2016-03-03 15:30:00+00:00,1,190,stop_too_wide,overlap,1256.0405,17.305,2.7
2016-03-03 16:00:00+00:00,1,190,stop_too_wide,overlap,1256.2365,16.048,2.792
2016-03-03 16:15:00+00:00,1,190,stop_too_wide,overlap,1257.2005,15.891,2.838
2016-03-03 17:15:00+00:00,1,190,stop_too_wide,newyork,1257.124,12.414,2.724
2016-03-09 05:30:00+00:00,1,190,stop_too_wide,off,1255.944,10.632,1.521
2016-03-09 06:00:00+00:00,1,190,stop_too_wide,off,1256.0435,10.728,1.514
2016-03-09 07:00:00+00:00,1,190,stop_too_wide,off,1256.6485,11.331,1.509
2016-03-09 15:00:00+00:00,1,187,stop_too_wide,overlap,1247.9585,11.332,2.749
2016-03-09 16:00:00+00:00,1,190,stop_too_wide,overlap,1256.8290000000002,15.414,3.309
2016-03-09 18:00:00+00:00,1,190,stop_too_wide,newyork,1258.06,13.515,3.055
2016-03-17 03:30:00+00:00,1,190,stop_too_wide,off,1256.52,11.35,1.804
2016-03-17 19:45:00+00:00,1,190,stop_too_wide,newyork,1256.8795,11.954,2.293
2016-04-18 12:15:00+00:00,1,189,stop_too_wide,overlap,1240.4515000000001,8.148,1.549
2016-04-18 13:00:00+00:00,1,189,stop_too_wide,overlap,1240.33,8.052,1.599
2016-04-19 12:00:00+00:00,1,187,stop_too_wide,overlap,1246.7044999999998,9.071,1.71
2016-04-19 12:00:00+00:00,1,196,stop_too_wide,overlap,1246.7044999999998,9.281,1.71
2016-04-19 13:15:00+00:00,1,193,stop_too_wide,overlap,1254.519,13.214,2.162
2016-04-19 13:45:00+00:00,1,193,stop_too_wide,overlap,1254.9810000000002,12.703,2.202
2016-04-19 16:15:00+00:00,1,193,stop_too_wide,newyork,1254.0515,8.656,2.013
2016-04-19 17:30:00+00:00,1,193,stop_too_wide,newyork,1253.312,7.817,1.813
2016-04-19 18:30:00+00:00,1,193,stop_too_wide,newyork,1253.2849999999999,7.809,1.851
2016-04-20 01:15:00+00:00,1,193,stop_too_wide,off,1256.7559999999999,11.116,1.524
2016-04-20 13:00:00+00:00,1,193,stop_too_wide,overlap,1253.694,8.188,1.791
2016-04-20 14:45:00+00:00,1,193,stop_too_wide,overlap,1254.0895,8.686,1.996
2016-04-20 16:00:00+00:00,1,193,stop_too_wide,newyork,1254.6015,9.264,2.129
2016-04-20 17:00:00+00:00,1,193,stop_too_wide,newyork,1253.7910000000002,8.364,1.949
2016-04-20 22:15:00+00:00,1,196,stop_too_wide,off,1244.6955,7.311,1.788
2016-04-20 22:30:00+00:00,1,196,stop_too_wide,off,1245.065,7.641,1.709
2016-04-20 23:30:00+00:00,1,196,stop_too_wide,off,1244.9745,7.437,1.482
2016-04-21 00:45:00+00:00,1,196,stop_too_wide,off,1245.0005,7.421,1.399
2016-04-21 01:00:00+00:00,1,187,stop_too_wide,off,1247.54,9.806,1.509
2016-04-21 05:30:00+00:00,1,193,stop_too_wide,off,1254.3555000000001,8.776,1.644
2016-04-21 06:00:00+00:00,1,193,stop_too_wide,off,1255.5304999999998,9.991,1.725
2016-04-21 12:00:00+00:00,1,199,stop_too_wide,overlap,1267.016,11.668,2.115
2016-04-22 01:15:00+00:00,1,187,stop_too_wide,off,1249.4189999999999,11.881,1.901
2016-04-22 06:45:00+00:00,1,196,stop_too_wide,off,1245.659,8.463,1.645
2016-04-22 07:45:00+00:00,1,187,stop_too_wide,london,1248.8195,11.251,1.84
2016-04-22 07:45:00+00:00,1,196,stop_too_wide,london,1248.8195,11.721,1.84
2016-04-22 09:30:00+00:00,1,187,stop_too_wide,london,1247.3405,9.838,1.972
2016-04-22 10:30:00+00:00,1,187,stop_too_wide,london,1247.13,9.561,1.839
2016-05-09 10:45:00+00:00,1,209,stop_too_wide,london,1276.076,9.831,1.683
2016-05-09 11:30:00+00:00,1,209,stop_too_wide,london,1274.7640000000001,8.603,1.851
2016-06-10 13:30:00+00:00,1,209,stop_too_wide,overlap,1274.374,7.983,1.627
2016-06-10 17:45:00+00:00,1,209,stop_too_wide,newyork,1274.81,8.442,1.892
2016-06-10 18:00:00+00:00,1,209,stop_too_wide,newyork,1274.915,8.531,1.86
2016-06-13 02:45:00+00:00,1,209,stop_too_wide,off,1274.1100000000001,7.52,1.448
2016-06-13 09:00:00+00:00,1,211,stop_too_wide,london,1284.0495,7.338,1.697
2016-06-13 09:30:00+00:00,1,211,stop_too_wide,london,1284.411,7.66,1.617
2016-06-13 10:15:00+00:00,1,211,stop_too_wide,london,1284.477,7.656,1.478
2016-06-13 12:15:00+00:00,1,211,stop_too_wide,overlap,1285.71,8.998,1.696
2016-06-13 19:30:00+00:00,1,211,stop_too_wide,newyork,1284.5349999999999,7.835,1.72
2016-06-13 20:00:00+00:00,1,211,stop_too_wide,newyork,1284.4299999999998,7.66,1.58
2016-06-14 11:45:00+00:00,1,211,stop_too_wide,london,1283.986,7.098,1.343
2016-06-14 12:15:00+00:00,1,211,stop_too_wide,overlap,1284.8015,7.965,1.447
2016-06-14 12:30:00+00:00,1,211,stop_too_wide,overlap,1285.451,8.687,1.592
2016-06-14 14:45:00+00:00,1,211,stop_too_wide,overlap,1286.1405,9.662,2.163
2016-06-15 18:15:00+00:00,1,233,stop_too_wide,newyork,1295.7145,13.565,2.564
2016-06-20 13:30:00+00:00,1,234,stop_too_wide,overlap,1282.069,8.874,2.155
2016-06-21 00:00:00+00:00,1,233,stop_too_wide,off,1293.955,9.021,1.877
2016-06-21 09:45:00+00:00,1,234,stop_too_wide,london,1280.9605,7.397,1.341
2016-08-02 00:00:00+00:00,1,246,stop_too_wide,off,1353.13,4.828,1.116
2016-08-02 03:00:00+00:00,1,248,stop_too_wide,off,1349.275,5.896,1.113
2016-08-02 03:30:00+00:00,1,248,stop_too_wide,off,1349.54,6.141,1.072
2016-08-02 06:45:00+00:00,1,246,stop_too_wide,off,1353.641,5.342,1.121
2016-08-02 08:15:00+00:00,1,238,stop_too_wide,london,1360.5715,9.589,1.616
2016-08-02 12:00:00+00:00,1,238,stop_too_wide,overlap,1360.6885,8.047,1.455
2016-08-02 12:30:00+00:00,1,238,stop_too_wide,overlap,1363.2435,10.682,1.616
2016-08-04 11:00:00+00:00,1,246,stop_too_wide,london,1361.3705,13.444,1.867
2016-08-04 12:00:00+00:00,1,238,stop_too_wide,overlap,1361.0990000000002,10.572,2.207
2016-08-04 23:30:00+00:00,1,238,stop_too_wide,off,1360.5904999999998,7.72,0.997
2016-08-05 00:30:00+00:00,1,238,stop_too_wide,off,1360.578,7.694,0.97
2016-08-05 01:00:00+00:00,1,238,stop_too_wide,off,1361.55,8.727,1.093
2016-08-10 05:00:00+00:00,1,246,stop_too_wide,off,1352.819,5.636,1.21
2016-08-10 08:45:00+00:00,1,246,stop_too_wide,london,1352.47,5.274,1.183
2016-08-10 09:30:00+00:00,1,246,stop_too_wide,london,1353.846,6.689,1.262
2016-08-10 10:00:00+00:00,1,246,stop_too_wide,london,1353.05,5.914,1.304
2016-08-10 11:30:00+00:00,1,246,stop_too_wide,london,1353.3890000000001,6.236,1.27
2016-08-19 06:45:00+00:00,1,248,stop_too_wide,off,1348.95,5.607,1.184
2016-09-27 02:45:00+00:00,1,270,stop_too_wide,off,1335.5700000000002,4.46,1.076
2016-09-27 03:15:00+00:00,1,270,stop_too_wide,off,1335.3000000000002,4.163,1.022
2016-09-27 04:30:00+00:00,1,270,stop_too_wide,off,1335.2755000000002,4.068,0.881
2016-09-27 07:15:00+00:00,1,270,stop_too_wide,london,1337.6745,6.508,0.964
2016-09-27 09:00:00+00:00,1,270,stop_too_wide,london,1336.6,5.502,1.101
2016-11-21 12:15:00+00:00,-1,294,stop_too_wide,london,1215.2935,9.154,1.333
2016-11-22 06:45:00+00:00,-1,294,stop_too_wide,off,1215.3200000000002,9.088,1.255
2016-11-22 12:30:00+00:00,-1,294,stop_too_wide,london,1215.2785,9.112,1.22
2016-11-23 13:15:00+00:00,-1,292,stop_too_wide,overlap,1203.1999999999998,11.046,1.85
2016-11-25 01:00:00+00:00,-1,298,stop_too_wide,off,1174.46,13.536,2.238
2016-11-28 14:15:00+00:00,-1,299,stop_too_wide,overlap,1188.12,8.114,1.986
2016-11-29 08:45:00+00:00,-1,299,stop_too_wide,london,1188.8705,7.104,1.466
2016-11-29 11:15:00+00:00,-1,299,stop_too_wide,london,1188.0745000000002,7.903,1.471
2016-11-29 17:45:00+00:00,-1,299,stop_too_wide,newyork,1187.2935000000002,8.979,2.061
2016-11-29 20:45:00+00:00,-1,299,stop_too_wide,newyork,1188.56,7.47,1.576
2016-11-29 23:00:00+00:00,-1,299,stop_too_wide,off,1188.5145,7.338,1.221
2016-11-30 04:15:00+00:00,-1,299,stop_too_wide,off,1188.62,7.341,1.44
2016-11-30 06:00:00+00:00,-1,299,stop_too_wide,off,1188.6100000000001,7.312,1.36
2016-11-30 08:45:00+00:00,-1,299,stop_too_wide,london,1188.2289999999998,7.805,1.585
2016-11-30 10:15:00+00:00,-1,299,stop_too_wide,london,1188.02,8.117,1.79
2016-11-30 14:30:00+00:00,-1,298,stop_too_wide,overlap,1176.925,11.411,2.791
2016-12-05 00:00:00+00:00,-1,298,stop_too_wide,off,1178.27,11.296,2.662
2016-12-05 01:00:00+00:00,-1,298,stop_too_wide,off,1175.78,13.79,2.67
2016-12-07 14:15:00+00:00,-1,298,stop_too_wide,overlap,1176.5745000000002,9.067,1.602
2016-12-07 15:00:00+00:00,-1,298,stop_too_wide,overlap,1177.8935000000001,7.827,1.759
2016-12-07 16:45:00+00:00,-1,298,stop_too_wide,newyork,1177.8000000000002,7.936,1.791
2016-12-09 12:00:00+00:00,-1,303,stop_too_wide,london,1163.725,7.458,1.246
2016-12-09 12:45:00+00:00,-1,303,stop_too_wide,london,1161.9,7.972,1.407
2016-12-12 00:45:00+00:00,-1,302,stop_too_wide,off,1154.7615,8.794,1.549
2016-12-12 08:00:00+00:00,-1,302,stop_too_wide,london,1154.9115,8.493,1.248
2016-12-12 08:15:00+00:00,-1,302,stop_too_wide,london,1152.624,10.879,1.446
2016-12-12 09:30:00+00:00,-1,302,stop_too_wide,london,1155.0845,8.471,1.55
2016-12-12 13:00:00+00:00,-1,302,stop_too_wide,overlap,1155.0590000000002,8.409,1.376
2016-12-12 23:15:00+00:00,-1,303,stop_too_wide,off,1163.18,5.861,1.212
2016-12-13 00:15:00+00:00,-1,303,stop_too_wide,off,1164.0785,4.974,1.236
2016-12-13 00:45:00+00:00,-1,303,stop_too_wide,off,1163.5014999999999,5.525,1.184
2016-12-13 01:00:00+00:00,-1,303,stop_too_wide,off,1163.03,6.022,1.234
2016-12-14 19:00:00+00:00,-1,302,stop_too_wide,newyork,1152.0415,13.155,2.181
2017-04-10 16:00:00+00:00,1,349,stop_too_wide,newyork,1256.4915,6.803,1.415
2017-04-10 22:30:00+00:00,1,349,stop_too_wide,off,1256.4105,4.61,1.128
2017-04-11 02:30:00+00:00,1,349,stop_too_wide,off,1256.1105,4.223,0.954
2017-04-11 04:00:00+00:00,1,349,stop_too_wide,off,1256.1185,4.157,0.806
2017-04-11 13:00:00+00:00,1,339,stop_too_wide,overlap,1262.7065,6.928,1.066
2017-04-18 14:15:00+00:00,1,359,stop_too_wide,overlap,1286.5965,8.576,1.945
2017-04-19 12:15:00+00:00,1,359,stop_too_wide,overlap,1284.19,4.495,1.05
2017-04-21 05:30:00+00:00,1,361,stop_too_wide,off,1280.272,5.068,0.674
2017-05-31 12:00:00+00:00,1,374,stop_too_wide,overlap,1266.4164999999998,4.204,0.937
2017-05-31 12:30:00+00:00,1,374,stop_too_wide,overlap,1267.013,4.807,0.95
2017-05-31 14:45:00+00:00,1,374,stop_too_wide,overlap,1267.2655,5.212,1.256
2017-05-31 17:00:00+00:00,1,377,stop_too_wide,newyork,1271.9234999999999,6.412,1.406
2017-05-31 17:15:00+00:00,1,377,stop_too_wide,newyork,1273.281,7.824,1.513
2017-06-01 06:45:00+00:00,1,374,stop_too_wide,off,1267.1064999999999,4.877,0.902
2017-06-01 08:30:00+00:00,1,374,stop_too_wide,london,1266.6015,4.398,0.955
2017-06-01 09:45:00+00:00,1,374,stop_too_wide,london,1266.6390000000001,4.391,0.867
2017-06-01 10:30:00+00:00,1,374,stop_too_wide,london,1266.5410000000002,4.301,0.883
2017-06-01 11:30:00+00:00,1,374,stop_too_wide,london,1266.4389999999999,4.187,0.858
2017-06-01 11:45:00+00:00,1,374,stop_too_wide,london,1266.7915,4.534,0.847
2017-06-01 17:15:00+00:00,1,374,stop_too_wide,newyork,1267.796,5.894,1.432
2017-06-01 18:15:00+00:00,1,374,stop_too_wide,newyork,1268.22,6.308,1.412
2017-06-02 03:00:00+00:00,1,366,stop_too_wide,off,1260.5335,5.174,1.075
2017-06-02 12:30:00+00:00,1,374,stop_too_wide,overlap,1271.514,10.655,1.434
2017-07-14 00:00:00+00:00,-1,391,stop_too_wide,off,1216.3085,4.361,0.855
2017-08-09 07:00:00+00:00,1,404,stop_too_wide,london,1268.2355,4.558,0.973
2017-08-09 12:15:00+00:00,1,406,stop_too_wide,overlap,1274.995,8.981,1.46
2017-08-09 12:45:00+00:00,1,406,stop_too_wide,overlap,1274.925,8.935,1.506
2017-08-18 07:00:00+00:00,1,411,stop_too_wide,london,1294.5735,8.317,1.199
2017-08-18 08:00:00+00:00,1,411,stop_too_wide,london,1293.777,7.285,1.198
2017-08-25 14:00:00+00:00,1,412,stop_too_wide,overlap,1287.847,12.97,3.074
2017-09-11 19:45:00+00:00,1,418,stop_too_wide,newyork,1327.649,6.051,1.411
2017-11-23 13:00:00+00:00,1,433,stop_too_wide,overlap,1292.285,4.951,1.042
2017-12-26 00:30:00+00:00,1,436,stop_too_wide,off,1274.5684999999999,5.523,0.712
2017-12-26 00:45:00+00:00,1,436,stop_too_wide,off,1274.85,5.797,0.696
2017-12-28 05:30:00+00:00,1,433,stop_too_wide,off,1292.375,4.992,0.591
2017-12-28 05:45:00+00:00,1,433,stop_too_wide,off,1292.717,5.336,0.596
2017-12-28 07:30:00+00:00,1,433,stop_too_wide,off,1292.525,5.175,0.658
2017-12-28 08:45:00+00:00,1,433,stop_too_wide,london,1293.0,5.663,0.684
2017-12-28 10:00:00+00:00,1,433,stop_too_wide,london,1292.3415,5.003,0.68
2017-12-28 10:30:00+00:00,1,433,stop_too_wide,london,1292.356,5.007,0.66
2017-12-28 11:00:00+00:00,1,433,stop_too_wide,london,1292.5885,5.232,0.645
2017-12-28 13:45:00+00:00,1,433,stop_too_wide,overlap,1292.456,5.265,0.975
2017-12-28 15:15:00+00:00,1,433,stop_too_wide,overlap,1292.974,5.876,1.162
2018-01-09 01:15:00+00:00,1,473,stop_too_wide,off,1317.0700000000002,4.84,0.842
2018-01-10 10:00:00+00:00,1,473,stop_too_wide,london,1316.92,4.865,1.194
2018-01-10 12:00:00+00:00,1,470,stop_too_wide,london,1324.702,10.135,2.037
2018-01-11 07:45:00+00:00,1,473,stop_too_wide,off,1316.815,4.726,1.124
2018-01-12 00:00:00+00:00,1,470,stop_too_wide,off,1324.244,4.276,0.913
2018-01-12 07:00:00+00:00,1,472,stop_too_wide,off,1329.186,4.953,0.969
2018-01-12 08:45:00+00:00,1,472,stop_too_wide,london,1329.77,5.588,1.07
2018-01-18 10:15:00+00:00,1,472,stop_too_wide,london,1329.2235,5.08,1.148
2018-01-18 10:30:00+00:00,1,472,stop_too_wide,london,1329.9560000000001,5.813,1.15
2018-01-18 13:45:00+00:00,1,472,stop_too_wide,overlap,1330.1309999999999,6.084,1.34
2018-01-19 01:30:00+00:00,1,472,stop_too_wide,off,1330.0149999999999,5.945,1.294
2018-01-22 07:00:00+00:00,1,472,stop_too_wide,off,1329.8015,5.597,1.025
2018-01-24 08:00:00+00:00,1,474,stop_too_wide,london,1346.4565,5.665,1.147
2018-01-24 08:30:00+00:00,1,474,stop_too_wide,london,1346.38,4.434,1.099
2018-04-03 15:15:00+00:00,1,489,stop_too_wide,overlap,1331.1135,7.755,1.543
2018-04-18 22:00:00+00:00,1,507,stop_too_wide,off,1349.933,6.847,1.015
2018-04-19 02:30:00+00:00,1,507,stop_too_wide,off,1350.066,6.952,0.958
2018-04-19 03:00:00+00:00,1,503,stop_too_wide,off,1352.9815,5.419,1.081
2018-04-19 04:00:00+00:00,1,503,stop_too_wide,off,1352.76,4.505,0.98
2018-04-19 11:45:00+00:00,1,507,stop_too_wide,london,1350.681,7.827,1.478
2018-04-19 12:15:00+00:00,1,507,stop_too_wide,overlap,1349.844,7.091,1.68
2018-04-19 12:30:00+00:00,1,507,stop_too_wide,overlap,1350.1015,7.41,1.803
2018-07-03 19:30:00+00:00,-1,541,stop_too_wide,newyork,1252.94,4.132,0.971
2018-07-05 07:45:00+00:00,-1,541,stop_too_wide,london,1253.3845000000001,4.569,0.994
2018-07-05 09:00:00+00:00,-1,541,stop_too_wide,london,1253.074,3.969,0.913
2018-07-10 08:45:00+00:00,-1,541,stop_too_wide,london,1252.6745,5.348,1.054
2018-07-10 09:30:00+00:00,-1,541,stop_too_wide,london,1253.375,4.08,1.009
2018-07-10 10:30:00+00:00,-1,541,stop_too_wide,london,1252.9295,4.122,0.93
2018-07-10 11:00:00+00:00,-1,544,stop_too_wide,london,1248.4445,6.022,1.157
2018-07-11 01:00:00+00:00,-1,544,stop_too_wide,off,1249.9099999999999,7.663,1.216
2018-07-11 01:30:00+00:00,-1,544,stop_too_wide,off,1250.0305,7.582,1.294
2018-07-11 08:15:00+00:00,-1,541,stop_too_wide,london,1252.7945,4.271,0.959
2018-07-11 09:45:00+00:00,-1,544,stop_too_wide,london,1249.9989999999998,4.371,0.965
2018-07-11 11:30:00+00:00,-1,544,stop_too_wide,london,1249.3485,5.01,0.94
2018-07-11 14:45:00+00:00,-1,544,stop_too_wide,overlap,1249.105,5.38,1.194
2018-07-26 08:15:00+00:00,-1,551,stop_too_wide,london,1227.025,4.177,1.038
2018-08-03 14:45:00+00:00,-1,550,stop_too_wide,overlap,1218.891,6.37,1.484
2018-08-06 02:45:00+00:00,-1,554,stop_too_wide,off,1216.176,4.35,0.865
2018-08-07 07:15:00+00:00,-1,556,stop_too_wide,london,1211.775,5.577,0.915
2018-08-07 13:00:00+00:00,-1,556,stop_too_wide,overlap,1212.915,4.451,0.944
2018-08-07 13:30:00+00:00,-1,556,stop_too_wide,overlap,1211.904,5.49,1.001
2018-08-07 14:00:00+00:00,-1,556,stop_too_wide,overlap,1211.745,5.68,1.063
2018-08-07 15:45:00+00:00,-1,556,stop_too_wide,newyork,1212.5205,4.885,1.024
2018-08-08 00:00:00+00:00,-1,556,stop_too_wide,off,1212.2165,4.998,0.641
2018-08-08 02:00:00+00:00,-1,556,stop_too_wide,off,1212.705,4.614,0.851
2018-08-08 06:00:00+00:00,-1,556,stop_too_wide,off,1212.88,4.38,0.732
2018-08-09 01:15:00+00:00,-1,559,stop_too_wide,off,1213.935,3.744,0.751
2018-08-09 03:15:00+00:00,-1,559,stop_too_wide,off,1214.3305,3.385,0.823
2018-08-09 04:45:00+00:00,-1,559,stop_too_wide,off,1214.4305,3.243,0.741
2018-08-09 07:15:00+00:00,-1,556,stop_too_wide,london,1212.1399999999999,5.258,1.007
2018-08-09 12:30:00+00:00,-1,554,stop_too_wide,overlap,1215.4295,5.193,1.059
2018-08-09 16:00:00+00:00,-1,556,stop_too_wide,newyork,1212.8395,4.593,1.078
2018-08-09 16:45:00+00:00,-1,556,stop_too_wide,newyork,1212.85,4.578,1.067
2018-08-12 22:45:00+00:00,-1,556,stop_too_wide,off,1212.6115,4.755,0.945
2018-08-12 23:30:00+00:00,-1,556,stop_too_wide,off,1212.5349999999999,4.832,0.946
2018-08-13 09:45:00+00:00,-1,557,stop_too_wide,london,1202.018,6.216,1.273
2018-09-10 10:15:00+00:00,-1,573,stop_too_wide,london,1193.4135,4.554,1.098
2018-09-11 00:45:00+00:00,-1,573,stop_too_wide,off,1194.3115,3.443,0.672
2018-09-11 01:30:00+00:00,-1,573,stop_too_wide,off,1193.9755,3.804,0.721
2018-09-11 09:00:00+00:00,-1,573,stop_too_wide,london,1194.0635000000002,3.796,0.881
2018-09-11 11:45:00+00:00,-1,573,stop_too_wide,london,1194.3045000000002,3.513,0.797
2018-09-11 12:30:00+00:00,-1,561,stop_too_wide,overlap,1188.73,6.955,1.24
2018-09-12 01:45:00+00:00,-1,573,stop_too_wide,off,1194.5700000000002,4.142,0.841
2018-09-12 06:45:00+00:00,-1,573,stop_too_wide,off,1193.46,4.411,0.903
2018-09-25 01:45:00+00:00,-1,572,stop_too_wide,off,1198.465,3.189,0.639
2018-09-25 02:00:00+00:00,-1,562,stop_too_wide,off,1197.51,3.307,0.68
2018-09-25 03:45:00+00:00,-1,572,stop_too_wide,off,1198.465,3.196,0.653
2018-09-25 10:45:00+00:00,-1,571,stop_too_wide,london,1200.15,4.378,0.798
2018-09-26 08:30:00+00:00,-1,571,stop_too_wide,london,1199.51,5.012,0.787
2018-09-26 09:30:00+00:00,-1,572,stop_too_wide,london,1198.315,3.401,0.764
2018-09-26 10:15:00+00:00,-1,572,stop_too_wide,london,1198.5295,3.192,0.775
2018-09-26 11:15:00+00:00,-1,572,stop_too_wide,london,1197.725,4.013,0.807
2018-09-26 12:00:00+00:00,-1,562,stop_too_wide,overlap,1197.2805,3.61,0.828
2018-09-26 17:15:00+00:00,-1,562,stop_too_wide,newyork,1194.9,6.226,1.3
2018-09-26 18:30:00+00:00,-1,573,stop_too_wide,newyork,1191.8000000000002,9.495,2.011
2018-09-27 05:00:00+00:00,-1,562,stop_too_wide,off,1197.0,3.901,0.85
2018-09-27 12:30:00+00:00,-1,561,stop_too_wide,overlap,1187.868,8.653,1.218
2018-09-27 13:00:00+00:00,-1,567,stop_too_wide,overlap,1184.5835000000002,11.447,1.41
2018-09-27 14:30:00+00:00,-1,567,stop_too_wide,overlap,1184.719,6.798,1.681
2018-09-28 13:15:00+00:00,-1,567,stop_too_wide,overlap,1185.295,5.964,1.166
2018-10-01 01:00:00+00:00,-1,561,stop_too_wide,off,1189.02,5.864,0.874
2018-10-01 02:30:00+00:00,-1,561,stop_too_wide,off,1189.075,5.789,0.834
2018-10-01 07:00:00+00:00,-1,567,stop_too_wide,london,1186.1399999999999,4.971,0.868
2018-10-01 08:15:00+00:00,-1,567,stop_too_wide,london,1186.494,4.636,0.907
2018-10-01 10:45:00+00:00,-1,567,stop_too_wide,london,1186.3200000000002,4.836,0.959
2018-10-01 13:00:00+00:00,-1,561,stop_too_wide,overlap,1187.7444999999998,7.434,1.464
2018-10-01 16:45:00+00:00,-1,561,stop_too_wide,newyork,1188.975,6.188,1.432
2018-10-01 19:15:00+00:00,-1,561,stop_too_wide,newyork,1189.585,5.403,1.083
2018-10-01 19:45:00+00:00,-1,561,stop_too_wide,newyork,1189.5765000000001,5.367,0.993
2018-10-01 20:00:00+00:00,-1,561,stop_too_wide,newyork,1189.4650000000001,5.463,0.962
2018-10-01 23:30:00+00:00,-1,561,stop_too_wide,off,1189.3705,5.446,0.74
2018-10-02 06:45:00+00:00,-1,573,stop_too_wide,off,1192.98,5.525,0.858
2018-10-02 07:45:00+00:00,-1,573,stop_too_wide,london,1193.165,5.424,1.025
2018-10-02 08:45:00+00:00,-1,573,stop_too_wide,london,1193.2385,5.368,1.06
2018-10-02 10:15:00+00:00,-1,577,stop_too_wide,london,1190.6345000000001,4.743,1.05
2018-10-08 12:00:00+00:00,-1,573,stop_too_wide,overlap,1189.9585,8.902,1.068
2018-10-08 12:00:00+00:00,-1,577,stop_too_wide,overlap,1189.9585,5.427,1.068
2018-10-08 12:15:00+00:00,-1,561,stop_too_wide,overlap,1187.5684999999999,7.675,1.248
2018-10-08 12:30:00+00:00,-1,567,stop_too_wide,overlap,1185.423,9.879,1.364
2018-10-08 13:15:00+00:00,-1,567,stop_too_wide,overlap,1186.4085,8.941,1.459
2018-10-08 13:45:00+00:00,-1,567,stop_too_wide,overlap,1186.225,8.917,1.488
2018-10-08 14:15:00+00:00,-1,561,stop_too_wide,overlap,1186.6015,8.723,1.756
2018-10-09 05:00:00+00:00,-1,577,stop_too_wide,off,1191.03,4.174,0.705
2018-10-09 05:45:00+00:00,-1,577,stop_too_wide,off,1190.85,4.355,0.707
2018-10-09 07:15:00+00:00,-1,561,stop_too_wide,london,1188.8600000000001,5.993,0.812
2018-10-09 08:15:00+00:00,-1,561,stop_too_wide,london,1189.3795,5.489,0.843
2018-10-09 09:00:00+00:00,-1,561,stop_too_wide,london,1189.089,5.798,0.881
2018-10-09 10:15:00+00:00,-1,567,stop_too_wide,london,1186.44,4.684,0.895
2018-10-09 11:00:00+00:00,-1,567,stop_too_wide,london,1186.1855,4.932,0.881
2018-10-09 12:30:00+00:00,-1,567,stop_too_wide,overlap,1185.6985,5.521,1.086
2018-10-09 13:30:00+00:00,-1,567,stop_too_wide,overlap,1185.51,5.78,1.226
2018-10-09 15:45:00+00:00,-1,561,stop_too_wide,newyork,1189.24,5.901,1.388
2018-10-09 16:00:00+00:00,-1,561,stop_too_wide,newyork,1188.1644999999999,6.99,1.416
2018-10-09 22:30:00+00:00,-1,561,stop_too_wide,off,1189.404,5.464,0.842
2018-10-10 01:15:00+00:00,-1,577,stop_too_wide,off,1190.109,5.306,0.785
2018-10-10 03:30:00+00:00,-1,561,stop_too_wide,off,1189.405,5.417,0.751
2018-10-10 06:30:00+00:00,-1,561,stop_too_wide,off,1189.635,5.191,0.757
2018-10-10 07:00:00+00:00,-1,577,stop_too_wide,london,1189.834,5.607,0.838
2018-10-10 07:15:00+00:00,-1,561,stop_too_wide,london,1189.1205,5.744,0.835
2018-10-10 14:00:00+00:00,-1,561,stop_too_wide,overlap,1188.456,6.68,1.377
2018-10-10 17:00:00+00:00,-1,577,stop_too_wide,newyork,1189.947,5.59,1.191
2018-10-10 17:30:00+00:00,-1,561,stop_too_wide,newyork,1189.3465,5.69,1.179
2018-10-10 17:30:00+00:00,-1,577,stop_too_wide,newyork,1189.3465,6.185,1.179
2018-10-10 19:45:00+00:00,-1,573,stop_too_wide,newyork,1193.0555,5.899,1.257
2018-11-28 12:00:00+00:00,-1,596,stop_too_wide,london,1214.0285,4.064,0.862
2019-01-02 05:30:00+00:00,1,611,stop_too_wide,off,1286.045,5.37,0.978
2019-01-02 05:45:00+00:00,1,611,stop_too_wide,off,1286.3215,5.662,1.01
2019-01-02 07:45:00+00:00,1,611,stop_too_wide,off,1285.5749999999998,4.909,0.996
2019-01-02 08:30:00+00:00,1,611,stop_too_wide,london,1287.9415,7.379,1.204
2019-01-02 12:45:00+00:00,1,611,stop_too_wide,london,1285.6035,4.986,1.093
2019-01-02 13:15:00+00:00,1,611,stop_too_wide,overlap,1286.835,6.283,1.225
2019-01-02 15:30:00+00:00,1,611,stop_too_wide,overlap,1286.9814999999999,6.636,1.637
2019-01-04 16:45:00+00:00,1,611,stop_too_wide,newyork,1285.6265,9.636,2.106
2019-01-04 21:45:00+00:00,1,611,stop_too_wide,newyork,1285.31,4.712,1.133
2019-01-08 13:15:00+00:00,1,612,stop_too_wide,overlap,1280.8735,5.92,1.015
2019-01-08 17:30:00+00:00,1,611,stop_too_wide,newyork,1286.415,5.903,1.304
2019-01-08 18:30:00+00:00,1,611,stop_too_wide,newyork,1285.6665,5.132,1.26
2019-01-08 19:30:00+00:00,1,611,stop_too_wide,newyork,1285.2085000000002,4.606,1.123
2019-01-08 20:45:00+00:00,1,611,stop_too_wide,newyork,1285.3815,4.707,0.979
2019-01-08 23:45:00+00:00,1,611,stop_too_wide,off,1285.2285000000002,4.41,0.691
2019-01-09 10:45:00+00:00,1,612,stop_too_wide,london,1280.9165,5.741,0.884
2019-01-11 20:15:00+00:00,1,613,stop_too_wide,newyork,1287.56,4.405,0.847
2019-02-13 01:00:00+00:00,1,623,stop_too_wide,off,1310.95,4.346,0.834
2019-02-13 11:45:00+00:00,1,623,stop_too_wide,london,1311.1535,4.501,0.736
2019-02-13 13:30:00+00:00,1,623,stop_too_wide,overlap,1310.6215000000002,4.056,0.912
2019-02-15 11:00:00+00:00,1,627,stop_too_wide,london,1318.7065,5.182,0.854
2019-02-15 12:45:00+00:00,1,627,stop_too_wide,london,1317.9615,4.492,0.964
2019-02-25 00:45:00+00:00,1,624,stop_too_wide,off,1329.705,4.685,0.987
2019-02-25 09:45:00+00:00,1,624,stop_too_wide,london,1329.5715,4.493,0.869
2019-02-25 13:30:00+00:00,1,624,stop_too_wide,overlap,1330.4965,5.904,1.311
2019-02-26 02:30:00+00:00,1,624,stop_too_wide,off,1329.1665,4.005,0.704
2019-02-26 06:00:00+00:00,1,624,stop_too_wide,off,1328.6235,3.424,0.627
2019-02-27 02:30:00+00:00,1,624,stop_too_wide,off,1329.255,4.212,0.94
2019-02-28 13:00:00+00:00,1,631,stop_too_wide,overlap,1325.5435,5.969,1.03
2019-04-10 02:45:00+00:00,1,640,stop_too_wide,off,1302.2885,3.902,0.759
2019-04-10 03:15:00+00:00,1,640,stop_too_wide,off,1302.2565,3.855,0.73
2019-04-10 15:00:00+00:00,1,643,stop_too_wide,overlap,1308.0715,6.409,1.294
2019-04-11 05:00:00+00:00,1,643,stop_too_wide,off,1307.51,2.373,0.579
2019-04-11 05:30:00+00:00,1,643,stop_too_wide,off,1307.935,2.807,0.598
2019-05-16 13:00:00+00:00,1,657,stop_too_wide,overlap,1292.6915,5.946,1.239
2019-06-13 19:45:00+00:00,1,678,stop_too_wide,newyork,1341.335,4.617,1.089
2019-06-17 02:30:00+00:00,1,678,stop_too_wide,off,1341.3335,5.724,1.269
2019-06-18 01:45:00+00:00,1,678,stop_too_wide,off,1341.9915,5.182,0.906
2019-06-18 02:30:00+00:00,1,678,stop_too_wide,off,1341.92,5.112,0.909
2019-06-18 03:30:00+00:00,1,678,stop_too_wide,off,1341.49,4.646,0.838
2019-07-11 17:45:00+00:00,1,689,stop_too_wide,newyork,1405.6535,10.445,2.424
2019-07-11 22:00:00+00:00,1,689,stop_too_wide,off,1405.1999999999998,9.735,1.911
2019-07-23 19:45:00+00:00,1,691,stop_too_wide,newyork,1417.29,10.008,1.732
2019-07-24 06:30:00+00:00,1,695,stop_too_wide,off,1422.21,5.898,1.027
2019-07-24 07:15:00+00:00,1,695,stop_too_wide,london,1423.1100000000001,6.867,1.166
2019-07-24 17:15:00+00:00,1,695,stop_too_wide,newyork,1423.3265,7.324,1.647
2019-07-25 14:15:00+00:00,1,691,stop_too_wide,overlap,1419.7635,12.619,2.951
2019-07-25 15:15:00+00:00,1,691,stop_too_wide,overlap,1418.935,11.756,2.88
2019-09-12 12:00:00+00:00,1,703,stop_too_wide,overlap,1516.7815,16.283,2.32
2019-10-31 01:30:00+00:00,1,704,stop_too_wide,off,1499.0865,14.411,1.579
2019-10-31 02:30:00+00:00,1,704,stop_too_wide,off,1498.2865,13.525,1.408
2019-10-31 03:45:00+00:00,1,704,stop_too_wide,off,1498.3415,13.475,1.197
2019-10-31 05:45:00+00:00,1,704,stop_too_wide,off,1498.32,13.351,0.993
2019-10-31 06:15:00+00:00,1,704,stop_too_wide,off,1498.0149999999999,13.04,0.98
2019-10-31 07:45:00+00:00,1,722,stop_too_wide,off,1500.3265000000001,7.35,1.033
2019-10-31 08:00:00+00:00,1,722,stop_too_wide,london,1500.56,7.575,1.016
2019-10-31 08:45:00+00:00,1,722,stop_too_wide,london,1500.89,7.925,1.055
2019-10-31 09:00:00+00:00,1,718,stop_too_wide,london,1503.5349999999999,5.841,1.213
2019-10-31 12:30:00+00:00,1,710,stop_too_wide,overlap,1508.93,10.892,1.536
2019-10-31 13:30:00+00:00,1,710,stop_too_wide,overlap,1510.0135,12.103,1.791
2019-11-01 12:45:00+00:00,1,710,stop_too_wide,overlap,1507.9765,10.023,1.705
2019-11-01 17:15:00+00:00,1,710,stop_too_wide,newyork,1509.3984999999998,11.629,2.073
2019-11-04 17:00:00+00:00,1,710,stop_too_wide,newyork,1508.2714999999998,10.369,1.806
2019-11-04 19:00:00+00:00,1,710,stop_too_wide,newyork,1507.7235,9.636,1.437
2019-11-04 19:45:00+00:00,1,710,stop_too_wide,newyork,1508.3600000000001,10.242,1.376
2019-12-12 10:00:00+00:00,1,741,stop_too_wide,london,1474.335,4.316,0.785
2019-12-12 10:15:00+00:00,1,741,stop_too_wide,london,1474.635,4.645,0.843
2019-12-12 13:00:00+00:00,1,730,stop_too_wide,overlap,1477.7015000000001,6.558,1.02
2019-12-12 13:30:00+00:00,1,736,stop_too_wide,overlap,1483.0465,9.551,1.331
2019-12-12 14:00:00+00:00,1,740,stop_too_wide,overlap,1485.9615,12.583,1.567
2019-12-16 00:15:00+00:00,1,741,stop_too_wide,off,1474.585,4.761,1.176
2019-12-16 00:45:00+00:00,1,741,stop_too_wide,off,1474.4050000000002,4.544,1.102
2019-12-16 01:45:00+00:00,1,741,stop_too_wide,off,1474.4135,4.513,1.021
2019-12-16 06:30:00+00:00,1,730,stop_too_wide,off,1477.865,6.54,0.656
2019-12-16 09:45:00+00:00,1,730,stop_too_wide,london,1477.5715,6.45,1.063
2019-12-16 12:30:00+00:00,1,730,stop_too_wide,london,1477.29,6.073,0.872
2019-12-16 12:45:00+00:00,1,730,stop_too_wide,london,1477.59,6.37,0.867
2019-12-17 04:15:00+00:00,1,730,stop_too_wide,off,1477.1100000000001,5.762,0.61
2019-12-17 04:30:00+00:00,1,730,stop_too_wide,off,1477.4434999999999,6.101,0.621
2019-12-17 06:00:00+00:00,1,730,stop_too_wide,off,1477.5815,6.25,0.643
2019-12-17 06:45:00+00:00,1,730,stop_too_wide,off,1477.3715,6.034,0.632
2019-12-17 08:00:00+00:00,1,730,stop_too_wide,london,1477.9115000000002,6.646,0.775
2019-12-17 14:30:00+00:00,1,730,stop_too_wide,overlap,1477.4985000000001,6.362,1.034
2019-12-17 15:15:00+00:00,1,741,stop_too_wide,overlap,1475.9185,6.047,1.122
2019-12-17 15:45:00+00:00,1,741,stop_too_wide,overlap,1475.8735000000001,6.022,1.162
2019-12-17 16:30:00+00:00,1,730,stop_too_wide,newyork,1477.2150000000001,6.133,1.142
2019-12-17 17:30:00+00:00,1,730,stop_too_wide,newyork,1477.3885,6.338,1.206
2019-12-18 04:45:00+00:00,1,730,stop_too_wide,off,1477.15,5.73,0.466
2019-12-18 05:45:00+00:00,1,730,stop_too_wide,off,1477.1084999999998,5.7,0.489
2019-12-18 07:30:00+00:00,1,730,stop_too_wide,off,1477.38,5.996,0.539
2019-12-18 08:30:00+00:00,1,730,stop_too_wide,london,1477.6064999999999,6.265,0.624
2019-12-18 15:15:00+00:00,1,741,stop_too_wide,overlap,1475.7335,5.943,1.456
2019-12-18 15:30:00+00:00,1,730,stop_too_wide,overlap,1477.6815000000001,7.944,1.563
2019-12-18 19:00:00+00:00,1,741,stop_too_wide,newyork,1475.5235,5.582,1.172
2019-12-18 20:45:00+00:00,1,741,stop_too_wide,newyork,1475.925,5.887,0.979
2019-12-18 23:00:00+00:00,1,741,stop_too_wide,off,1475.5814999999998,5.5,0.892
2019-12-19 01:15:00+00:00,1,741,stop_too_wide,off,1475.8584999999998,5.692,0.721
2019-12-19 08:30:00+00:00,1,741,stop_too_wide,london,1475.7665,5.587,0.696
2019-12-19 13:30:00+00:00,1,730,stop_too_wide,overlap,1477.1515,5.974,0.951
2019-12-19 13:30:00+00:00,1,741,stop_too_wide,overlap,1477.1515,7.1,0.951
2020-01-29 01:45:00+00:00,1,754,stop_too_wide,off,1565.9,6.829,1.634
2020-01-29 11:00:00+00:00,1,757,stop_too_wide,london,1571.3135,5.328,1.172
2020-01-29 13:30:00+00:00,1,757,stop_too_wide,overlap,1572.04,6.195,1.453
2020-02-04 07:15:00+00:00,1,761,stop_too_wide,off,1573.7185,6.642,1.463
2020-02-07 13:00:00+00:00,1,754,stop_too_wide,overlap,1565.95,7.229,1.415
2020-02-07 13:30:00+00:00,1,754,stop_too_wide,overlap,1568.7165,10.297,2.019
2020-02-07 14:15:00+00:00,1,757,stop_too_wide,overlap,1570.32,10.985,2.177
2020-02-07 14:30:00+00:00,1,761,stop_too_wide,overlap,1573.2714999999998,13.994,2.292
2020-03-11 04:30:00+00:00,1,768,stop_too_wide,off,1664.1965,19.755,2.68
2020-03-11 07:15:00+00:00,1,768,stop_too_wide,off,1665.0085,20.598,2.744
2020-03-11 10:45:00+00:00,1,768,stop_too_wide,london,1665.0665,20.671,2.773
2020-03-11 12:45:00+00:00,1,768,stop_too_wide,overlap,1665.6265,21.343,2.997
2020-03-11 15:45:00+00:00,1,766,stop_too_wide,overlap,1649.8535,23.195,4.55
2020-03-25 02:00:00+00:00,1,769,stop_too_wide,off,1619.98,32.883,7.788
2020-03-25 03:15:00+00:00,1,769,stop_too_wide,off,1618.79,31.602,7.606
2020-03-25 09:45:00+00:00,1,769,stop_too_wide,london,1624.5265,37.275,7.478
2020-03-26 11:30:00+00:00,1,769,stop_too_wide,london,1620.3515,31.291,3.861
2020-03-27 12:15:00+00:00,1,769,stop_too_wide,overlap,1621.49,32.802,4.605
2020-04-09 12:15:00+00:00,1,768,stop_too_wide,overlap,1664.6599999999999,24.135,3.431
2020-04-09 13:30:00+00:00,1,773,stop_too_wide,overlap,1682.525,24.185,4.478
2020-04-12 22:00:00+00:00,1,773,stop_too_wide,off,1691.025,26.202,5.531
2020-05-12 13:45:00+00:00,1,790,stop_too_wide,overlap,1708.7849999999999,11.329,2.735
2020-05-13 12:15:00+00:00,1,790,stop_too_wide,overlap,1710.8,12.0,2.029
2020-05-13 15:00:00+00:00,1,787,stop_too_wide,overlap,1715.2350000000001,14.298,3.393
2020-05-13 19:00:00+00:00,1,787,stop_too_wide,newyork,1714.9865,11.441,2.539
2020-05-13 19:45:00+00:00,1,795,stop_too_wide,newyork,1717.5349999999999,10.017,2.435
2020-05-13 22:30:00+00:00,1,795,stop_too_wide,off,1716.9565,9.256,2.07
2020-05-14 01:45:00+00:00,1,787,stop_too_wide,off,1714.71,10.874,1.959
2020-05-14 02:15:00+00:00,1,787,stop_too_wide,off,1714.1750000000002,10.293,1.865
2020-05-14 05:45:00+00:00,1,787,stop_too_wide,off,1714.5700000000002,10.494,1.479
2020-05-14 06:45:00+00:00,1,795,stop_too_wide,off,1717.0915,9.142,1.572
2020-05-14 08:00:00+00:00,1,787,stop_too_wide,london,1716.545,12.681,1.902
2020-05-14 08:00:00+00:00,1,795,stop_too_wide,london,1716.545,8.76,1.902
2020-05-14 08:45:00+00:00,1,795,stop_too_wide,london,1717.9615,10.197,1.941
2020-05-14 11:30:00+00:00,1,795,stop_too_wide,london,1717.6385,9.868,1.929
2020-05-14 12:30:00+00:00,1,787,stop_too_wide,overlap,1716.875,13.255,2.39
2020-05-14 13:30:00+00:00,1,794,stop_too_wide,overlap,1726.345,16.475,3.11
2020-05-14 13:45:00+00:00,1,794,stop_too_wide,overlap,1731.74,22.018,3.405
2020-05-15 12:30:00+00:00,1,788,stop_too_wide,overlap,1743.6865,14.349,3.026
2020-05-15 13:00:00+00:00,1,788,stop_too_wide,overlap,1744.63,15.378,3.195
2020-05-18 13:15:00+00:00,1,788,stop_too_wide,overlap,1747.915,16.863,4.199
2020-05-19 14:15:00+00:00,1,788,stop_too_wide,overlap,1743.7035,14.358,3.511
2020-05-19 17:45:00+00:00,1,788,stop_too_wide,newyork,1743.0965,11.279,2.668
2020-05-21 03:30:00+00:00,1,788,stop_too_wide,off,1742.79,10.615,1.954
2020-05-21 04:30:00+00:00,1,788,stop_too_wide,off,1742.5285,10.286,1.819
2020-06-30 15:00:00+00:00,1,810,stop_too_wide,overlap,1783.6664999999998,18.761,3.116
2020-06-30 22:00:00+00:00,1,810,stop_too_wide,off,1783.365,10.063,2.046
2020-07-01 02:45:00+00:00,1,810,stop_too_wide,off,1782.9465,9.444,1.646
2020-07-02 13:30:00+00:00,1,813,stop_too_wide,overlap,1769.4099999999999,13.122,3.143
2020-07-06 12:15:00+00:00,1,810,stop_too_wide,overlap,1782.955,9.506,1.728
2020-07-06 15:00:00+00:00,1,810,stop_too_wide,overlap,1783.245,10.163,2.463
2020-07-07 13:30:00+00:00,1,810,stop_too_wide,overlap,1784.88,11.646,2.158
2020-07-07 14:00:00+00:00,1,814,stop_too_wide,overlap,1793.26,18.981,2.835
2020-07-14 05:15:00+00:00,1,819,stop_too_wide,off,1797.8935000000001,6.145,1.399
2020-07-14 06:00:00+00:00,1,819,stop_too_wide,off,1800.2365,8.558,1.539
2020-07-14 11:45:00+00:00,1,819,stop_too_wide,london,1800.5765000000001,11.172,2.501
2020-08-04 14:45:00+00:00,1,827,stop_too_wide,overlap,1991.9465,22.531,4.135
2020-08-18 01:00:00+00:00,1,827,stop_too_wide,off,1989.3535000000002,13.748,2.925
2020-08-18 01:30:00+00:00,1,827,stop_too_wide,off,1989.4285,13.869,3.017
2020-08-18 03:30:00+00:00,1,827,stop_too_wide,off,1990.095,14.699,3.343
2020-08-19 06:15:00+00:00,1,827,stop_too_wide,off,1990.7285000000002,15.555,3.789
2020-08-19 12:45:00+00:00,1,827,stop_too_wide,overlap,1992.1335,17.11,4.089
2020-09-10 07:15:00+00:00,1,844,stop_too_wide,london,1945.835,8.932,2.098
2020-09-10 08:15:00+00:00,1,844,stop_too_wide,london,1946.4185,9.624,2.316
2020-09-10 12:45:00+00:00,1,837,stop_too_wide,overlap,1956.2649999999999,12.662,3.157
2020-10-21 12:30:00+00:00,1,853,stop_too_wide,overlap,1923.7365,14.907,2.378
2020-10-21 13:00:00+00:00,1,853,stop_too_wide,overlap,1925.355,16.616,2.557
2020-10-21 13:30:00+00:00,1,853,stop_too_wide,overlap,1924.6415000000002,15.95,2.653
2020-10-21 15:15:00+00:00,1,853,stop_too_wide,overlap,1924.2435,15.884,3.318
2020-10-21 19:15:00+00:00,1,853,stop_too_wide,newyork,1923.505,14.726,2.478
2020-10-21 19:45:00+00:00,1,853,stop_too_wide,newyork,1924.5835,15.745,2.359
2020-10-22 12:30:00+00:00,1,852,stop_too_wide,overlap,1906.8049999999998,11.207,2.555
2020-12-28 06:30:00+00:00,1,868,stop_too_wide,off,1884.9365,13.558,2.995
2020-12-28 09:30:00+00:00,1,868,stop_too_wide,london,1883.0715,11.48,2.57
2020-12-28 13:15:00+00:00,1,868,stop_too_wide,overlap,1882.575,14.853,3.187
2020-12-29 08:00:00+00:00,1,868,stop_too_wide,london,1882.9234999999999,11.178,2.261
2020-12-30 13:30:00+00:00,1,868,stop_too_wide,overlap,1882.7065,10.914,2.167
2020-12-30 13:45:00+00:00,1,868,stop_too_wide,overlap,1883.5135,11.728,2.181
2020-12-30 14:30:00+00:00,1,868,stop_too_wide,overlap,1883.56,11.956,2.544
2020-12-30 14:45:00+00:00,1,868,stop_too_wide,overlap,1887.4585,16.013,2.861
2020-12-30 20:45:00+00:00,1,883,stop_too_wide,newyork,1893.2935,10.116,1.793
2020-12-30 21:15:00+00:00,1,883,stop_too_wide,newyork,1892.6734999999999,9.44,1.682
2021-02-25 06:00:00+00:00,-1,893,stop_too_wide,off,1794.92,16.841,2.459
2021-03-04 18:30:00+00:00,-1,909,stop_too_wide,newyork,1698.74,22.028,5.456
2021-03-04 18:45:00+00:00,-1,909,stop_too_wide,newyork,1691.2350000000001,29.659,5.709
2021-03-05 07:45:00+00:00,-1,909,stop_too_wide,off,1696.6865,15.153,2.59
2021-03-05 11:30:00+00:00,-1,909,stop_too_wide,london,1696.3915000000002,15.416,2.526
2021-03-05 13:00:00+00:00,-1,909,stop_too_wide,overlap,1696.1395,15.805,2.8
2021-03-05 13:45:00+00:00,-1,909,stop_too_wide,overlap,1693.5245,18.895,3.751
2021-03-05 20:45:00+00:00,-1,909,stop_too_wide,newyork,1698.118,13.855,2.857
2021-03-08 08:15:00+00:00,-1,909,stop_too_wide,london,1696.63,15.268,2.707
2021-03-09 08:30:00+00:00,-1,909,stop_too_wide,london,1697.0065,14.716,2.357
2021-05-25 14:00:00+00:00,1,935,stop_too_wide,overlap,1894.855,16.518,3.18
2021-05-27 01:15:00+00:00,1,935,stop_too_wide,off,1893.7485000000001,9.677,1.563
2021-05-27 11:45:00+00:00,1,935,stop_too_wide,london,1894.8,11.073,2.252
2021-05-27 12:15:00+00:00,1,935,stop_too_wide,overlap,1894.37,10.811,2.59
2021-05-28 05:15:00+00:00,1,935,stop_too_wide,off,1892.67,8.486,1.34
2021-05-28 05:30:00+00:00,1,935,stop_too_wide,off,1892.9835,8.822,1.384
2021-05-28 05:30:00+00:00,1,940,stop_too_wide,off,1892.9835,7.333,1.384
2021-05-28 08:30:00+00:00,1,935,stop_too_wide,london,1894.435,10.465,1.768
2021-05-28 08:30:00+00:00,1,940,stop_too_wide,london,1894.435,8.977,1.768
2021-05-28 10:00:00+00:00,1,940,stop_too_wide,london,1893.1315,7.585,1.592
2021-05-28 13:00:00+00:00,1,935,stop_too_wide,overlap,1896.3249999999998,15.554,3.126
2021-05-28 13:00:00+00:00,1,940,stop_too_wide,overlap,1896.3249999999998,15.554,3.126
2021-06-01 06:15:00+00:00,1,939,stop_too_wide,off,1915.225,7.019,1.492
2021-07-15 15:00:00+00:00,1,957,stop_too_wide,overlap,1823.335,11.57,2.684
2021-07-16 12:30:00+00:00,1,957,stop_too_wide,overlap,1823.53,11.741,2.636
2021-07-19 01:15:00+00:00,1,959,stop_too_wide,off,1815.9250000000002,8.93,1.775
2021-07-19 04:00:00+00:00,1,959,stop_too_wide,off,1815.1550000000002,8.058,1.572
2021-09-14 00:45:00+00:00,-1,977,stop_too_wide,off,1791.3220000000001,6.594,0.847
2021-09-14 01:30:00+00:00,-1,977,stop_too_wide,off,1790.577,7.392,0.953
2021-09-14 02:30:00+00:00,-1,977,stop_too_wide,off,1791.163,6.89,1.12
2021-09-14 04:30:00+00:00,-1,977,stop_too_wide,off,1791.692,6.306,1.011
2021-09-14 07:30:00+00:00,-1,977,stop_too_wide,london,1790.6950000000002,7.512,1.43
2021-09-14 10:30:00+00:00,-1,976,stop_too_wide,london,1786.5285,8.608,1.453
2021-09-14 13:30:00+00:00,-1,983,stop_too_wide,overlap,1792.522,15.174,3.728
2021-09-16 02:00:00+00:00,-1,960,stop_too_wide,off,1795.4470000000001,8.595,1.313
2021-09-16 06:45:00+00:00,-1,976,stop_too_wide,off,1785.833,9.415,1.676
2021-09-16 08:00:00+00:00,-1,976,stop_too_wide,london,1785.4715,9.841,1.807
2021-09-16 09:45:00+00:00,-1,978,stop_too_wide,london,1777.9665,9.607,1.908
2021-09-16 11:15:00+00:00,-1,978,stop_too_wide,london,1776.4865,10.473,1.98
2021-09-28 06:45:00+00:00,-1,985,stop_too_wide,off,1740.995,11.851,1.832
2021-09-28 10:45:00+00:00,-1,987,stop_too_wide,london,1733.6170000000002,11.89,2.492
2021-09-28 11:45:00+00:00,-1,987,stop_too_wide,london,1734.495,11.048,2.564
2021-09-28 12:15:00+00:00,-1,987,stop_too_wide,overlap,1733.7685000000001,11.862,2.738
2021-09-28 12:30:00+00:00,-1,987,stop_too_wide,overlap,1729.8315,15.956,3.052
2021-09-29 09:15:00+00:00,-1,985,stop_too_wide,london,1742.4035,7.943,1.914
2021-09-29 11:15:00+00:00,-1,985,stop_too_wide,london,1741.4185000000002,8.871,1.801
2021-09-29 12:00:00+00:00,-1,985,stop_too_wide,overlap,1741.6885000000002,8.615,1.829
2021-09-29 14:00:00+00:00,-1,987,stop_too_wide,overlap,1731.43,14.269,2.876
2021-10-06 04:00:00+00:00,-1,992,stop_too_wide,off,1753.24,10.575,1.443
2021-10-06 14:45:00+00:00,-1,986,stop_too_wide,overlap,1760.0035,14.37,3.112
2021-11-04 11:15:00+00:00,-1,989,stop_too_wide,london,1778.8415,9.038,1.819
2021-12-15 18:15:00+00:00,-1,1021,stop_too_wide,newyork,1763.9015,8.737,1.953
2021-12-31 01:00:00+00:00,1,1019,stop_too_wide,off,1817.4850000000001,5.901,1.182
2021-12-31 02:45:00+00:00,1,1019,stop_too_wide,off,1817.955,6.457,1.354
2021-12-31 08:15:00+00:00,1,1019,stop_too_wide,london,1817.6685000000002,6.128,1.269
2022-01-05 11:00:00+00:00,1,1019,stop_too_wide,london,1819.525,8.336,1.479
2022-01-05 13:00:00+00:00,1,1019,stop_too_wide,overlap,1820.1425,8.975,1.523
2022-01-05 13:15:00+00:00,1,1019,stop_too_wide,overlap,1821.185,10.238,1.963
2022-01-24 00:15:00+00:00,1,1033,stop_too_wide,off,1834.02,8.365,1.927
2022-01-24 01:30:00+00:00,1,1033,stop_too_wide,off,1836.3049999999998,10.615,1.857
2022-01-25 14:45:00+00:00,1,1035,stop_too_wide,overlap,1850.438,13.687,2.727
2022-01-25 23:30:00+00:00,1,1035,stop_too_wide,off,1849.907,8.15,1.605
2022-02-07 00:45:00+00:00,1,1040,stop_too_wide,off,1813.2205,7.147,1.727
2022-02-07 07:45:00+00:00,1,1040,stop_too_wide,off,1813.085,6.413,1.246
2022-02-07 08:30:00+00:00,1,1040,stop_too_wide,london,1813.028,6.449,1.433
2022-02-07 09:45:00+00:00,1,1040,stop_too_wide,london,1812.48,5.909,1.449
2022-02-07 11:30:00+00:00,1,1040,stop_too_wide,london,1812.9189999999999,6.331,1.414
2022-02-07 12:30:00+00:00,1,1040,stop_too_wide,london,1813.655,7.079,1.438
2022-02-07 15:15:00+00:00,1,1040,stop_too_wide,overlap,1815.333,9.144,2.212
2022-02-08 07:45:00+00:00,1,1034,stop_too_wide,off,1817.4,7.096,1.287
2022-02-08 15:15:00+00:00,1,1032,stop_too_wide,overlap,1827.172,9.443,2.082
2022-02-08 16:00:00+00:00,1,1032,stop_too_wide,overlap,1826.468,8.78,2.165
2022-02-09 00:45:00+00:00,1,1032,stop_too_wide,off,1825.54,7.177,0.814
2022-02-09 17:00:00+00:00,1,1033,stop_too_wide,newyork,1834.088,8.509,2.078
2022-02-09 23:15:00+00:00,1,1033,stop_too_wide,off,1833.51,7.485,1.187
2022-02-10 08:45:00+00:00,1,1037,stop_too_wide,london,1832.075,5.867,1.161
2022-02-10 09:45:00+00:00,1,1037,stop_too_wide,london,1832.585,6.41,1.225
2022-02-10 12:30:00+00:00,1,1037,stop_too_wide,london,1831.782,5.541,1.094
2022-02-10 15:00:00+00:00,1,1033,stop_too_wide,overlap,1834.472,14.37,3.172
2022-02-10 15:00:00+00:00,1,1037,stop_too_wide,overlap,1834.472,14.37,3.172
2022-02-10 15:15:00+00:00,1,1033,stop_too_wide,overlap,1835.775,15.687,3.201
2022-02-10 15:30:00+00:00,1,1036,stop_too_wide,overlap,1840.41,16.722,3.32
2022-02-10 16:00:00+00:00,1,1036,stop_too_wide,overlap,1838.88,15.291,3.518
2022-02-11 00:45:00+00:00,1,1032,stop_too_wide,off,1826.185,8.306,1.783
2022-02-11 01:30:00+00:00,1,1032,stop_too_wide,off,1825.7130000000002,7.856,1.825
2022-02-11 05:00:00+00:00,1,1032,stop_too_wide,off,1825.17,7.098,1.396
2022-02-11 07:45:00+00:00,1,1032,stop_too_wide,off,1826.222,8.216,1.528
2022-02-11 11:30:00+00:00,1,1043,stop_too_wide,london,1826.5349999999999,7.078,1.366
2022-02-11 12:00:00+00:00,1,1043,stop_too_wide,london,1828.19,8.772,1.443
2022-02-11 13:00:00+00:00,1,1037,stop_too_wide,overlap,1833.225,8.581,1.701
2022-02-11 15:00:00+00:00,1,1037,stop_too_wide,overlap,1833.19,9.39,2.339
2022-02-11 18:30:00+00:00,1,1038,stop_too_wide,newyork,1850.2,17.793,2.856
2022-02-11 18:45:00+00:00,1,1035,stop_too_wide,newyork,1857.21,22.303,3.413
2022-02-23 10:30:00+00:00,1,1049,stop_too_wide,london,1895.5525,12.254,2.04
2022-02-23 12:30:00+00:00,1,1049,stop_too_wide,london,1895.4875,12.066,1.794
2022-02-28 08:00:00+00:00,1,1049,stop_too_wide,london,1897.9975,21.787,3.994
2022-02-28 08:15:00+00:00,1,1049,stop_too_wide,london,1899.4775,23.251,3.961
2022-02-28 17:45:00+00:00,1,1049,stop_too_wide,newyork,1899.3,23.514,4.841
2022-03-11 15:00:00+00:00,1,1058,stop_too_wide,overlap,1980.6,29.276,7.141
2022-03-11 15:45:00+00:00,1,1058,stop_too_wide,overlap,1980.855,29.533,7.147
2022-03-13 22:45:00+00:00,1,1058,stop_too_wide,off,1980.433,28.262,5.448
2022-03-24 11:45:00+00:00,1,1055,stop_too_wide,london,1956.574,17.39,2.892
2022-03-25 07:30:00+00:00,1,1055,stop_too_wide,off,1955.493,10.223,1.888
2022-03-25 12:15:00+00:00,1,1055,stop_too_wide,overlap,1955.3285,10.375,2.522
2022-03-25 12:45:00+00:00,1,1055,stop_too_wide,overlap,1956.3725,11.536,2.755
2022-03-25 15:15:00+00:00,1,1055,stop_too_wide,overlap,1958.4695000000002,17.182,3.874
2022-06-13 05:00:00+00:00,1,1081,stop_too_wide,off,1865.4850000000001,12.673,2.123
2022-06-22 04:45:00+00:00,-1,1080,stop_too_wide,off,1825.77,11.809,1.891
2022-06-22 05:45:00+00:00,-1,1080,stop_too_wide,off,1824.97,12.561,1.795
2022-06-22 06:00:00+00:00,-1,1080,stop_too_wide,off,1824.6525000000001,12.896,1.83
2022-06-22 07:00:00+00:00,-1,1080,stop_too_wide,london,1824.9025000000001,12.713,1.964
2022-06-22 08:00:00+00:00,-1,1080,stop_too_wide,london,1824.16,13.664,2.382
2022-06-22 11:45:00+00:00,-1,1097,stop_too_wide,london,1836.4515000000001,13.251,2.924
2022-06-22 23:30:00+00:00,-1,1091,stop_too_wide,off,1837.1475,7.495,1.418
2022-06-23 15:15:00+00:00,-1,1097,stop_too_wide,overlap,1836.5774999999999,15.024,3.154
2022-06-23 18:15:00+00:00,-1,1080,stop_too_wide,newyork,1823.19,14.948,3.01
2022-06-23 20:00:00+00:00,-1,1080,stop_too_wide,newyork,1825.5925,12.225,2.369
2022-06-24 03:00:00+00:00,-1,1080,stop_too_wide,off,1824.7024999999999,12.78,1.698
2022-06-24 03:30:00+00:00,-1,1080,stop_too_wide,off,1825.2145,12.24,1.643
2022-06-24 05:00:00+00:00,-1,1080,stop_too_wide,off,1825.3725,12.061,1.601
2022-06-24 05:45:00+00:00,-1,1080,stop_too_wide,off,1824.8955,12.544,1.613
2022-06-24 10:45:00+00:00,-1,1080,stop_too_wide,london,1825.26,12.459,2.172
2022-06-24 11:15:00+00:00,-1,1080,stop_too_wide,london,1824.6875,13.039,2.187
2022-06-24 12:00:00+00:00,-1,1080,stop_too_wide,overlap,1823.8274999999999,13.968,2.325
2022-06-24 13:45:00+00:00,-1,1080,stop_too_wide,overlap,1822.745,15.556,3.335
2022-06-24 19:30:00+00:00,-1,1080,stop_too_wide,newyork,1825.5775,12.125,2.139
2022-06-26 22:00:00+00:00,-1,1091,stop_too_wide,off,1834.4499999999998,10.82,2.671
2022-06-26 22:00:00+00:00,-1,1097,stop_too_wide,off,1834.4499999999998,17.021,2.671
2022-07-05 08:15:00+00:00,-1,1082,stop_too_wide,london,1802.8225,12.115,1.692
2022-07-05 08:45:00+00:00,-1,1082,stop_too_wide,london,1801.0475000000001,13.921,1.754
2022-07-05 10:30:00+00:00,-1,1082,stop_too_wide,london,1802.0025,13.042,1.906
2022-07-05 11:15:00+00:00,-1,1100,stop_too_wide,london,1798.7069999999999,8.232,1.962
2022-07-05 12:30:00+00:00,-1,1082,stop_too_wide,overlap,1800.4450000000002,14.96,2.627
2022-07-12 01:00:00+00:00,-1,1104,stop_too_wide,off,1724.7350000000001,11.946,1.863
2022-07-20 23:00:00+00:00,-1,1109,stop_too_wide,off,1695.2800000000002,6.745,1.551
2022-07-20 23:30:00+00:00,-1,1109,stop_too_wide,off,1695.132,6.84,1.446
2022-07-21 00:00:00+00:00,-1,1109,stop_too_wide,off,1694.1550000000002,7.82,1.45
2022-08-29 01:45:00+00:00,-1,1129,stop_too_wide,off,1723.882,13.555,2.323
2022-08-29 03:45:00+00:00,-1,1129,stop_too_wide,off,1724.622,8.955,1.955
2022-08-30 19:15:00+00:00,-1,1129,stop_too_wide,newyork,1724.63,8.887,1.836
2022-09-06 12:15:00+00:00,-1,1135,stop_too_wide,overlap,1712.565,7.963,1.787
2022-09-09 00:45:00+00:00,-1,1135,stop_too_wide,off,1713.683,6.693,1.484
2022-09-22 01:00:00+00:00,-1,1144,stop_too_wide,off,1657.357,14.716,3.229
2022-09-23 10:45:00+00:00,-1,1142,stop_too_wide,london,1643.56,21.331,3.493
2023-01-02 23:15:00+00:00,1,1181,stop_too_wide,off,1828.221,11.165,2.435
2023-01-11 05:30:00+00:00,1,1191,stop_too_wide,off,1884.415,8.443,1.723
2023-01-12 02:30:00+00:00,1,1191,stop_too_wide,off,1883.9765,7.48,1.664
2023-01-12 04:45:00+00:00,1,1191,stop_too_wide,off,1884.4365,6.383,1.433
2023-01-12 09:30:00+00:00,1,1191,stop_too_wide,london,1884.9585000000002,6.972,1.568
2023-01-12 10:45:00+00:00,1,1191,stop_too_wide,london,1884.38,6.358,1.496
2023-01-19 20:00:00+00:00,1,1196,stop_too_wide,newyork,1934.885,15.517,3.026
2023-01-20 00:00:00+00:00,1,1196,stop_too_wide,off,1931.865,9.239,2.132
2023-01-20 01:15:00+00:00,1,1196,stop_too_wide,off,1934.685,12.037,2.088
2023-01-20 02:15:00+00:00,1,1196,stop_too_wide,off,1931.7965,9.149,2.089
2023-01-20 07:45:00+00:00,1,1196,stop_too_wide,off,1933.135,10.41,1.934
2023-01-23 00:45:00+00:00,1,1196,stop_too_wide,off,1932.3165,9.518,1.786
2023-01-23 23:15:00+00:00,1,1196,stop_too_wide,off,1932.3465,9.604,1.899
2023-01-24 00:00:00+00:00,1,1196,stop_too_wide,off,1932.0700000000002,9.226,1.696
2023-01-24 01:00:00+00:00,1,1196,stop_too_wide,off,1932.46,9.546,1.556
2023-01-24 15:30:00+00:00,1,1196,stop_too_wide,overlap,1933.63,18.209,3.588
2023-01-24 16:45:00+00:00,1,1196,stop_too_wide,newyork,1932.4850000000001,17.037,3.535
2023-01-25 03:15:00+00:00,1,1196,stop_too_wide,off,1932.845,10.169,2.031
2023-01-25 03:45:00+00:00,1,1196,stop_too_wide,off,1931.85,9.162,2.008
2023-01-25 06:30:00+00:00,1,1196,stop_too_wide,off,1932.2285000000002,9.614,2.155
2023-01-25 06:45:00+00:00,1,1196,stop_too_wide,off,1933.6,10.997,2.179
2023-01-25 10:15:00+00:00,1,1201,stop_too_wide,london,1925.94,12.332,2.481
2023-01-25 14:00:00+00:00,1,1201,stop_too_wide,overlap,1926.6039999999998,13.131,2.751
2023-01-26 07:45:00+00:00,1,1200,stop_too_wide,off,1942.99,10.915,2.054
2023-01-26 08:15:00+00:00,1,1200,stop_too_wide,london,1943.655,11.664,2.222
2023-01-27 00:15:00+00:00,1,1196,stop_too_wide,off,1932.4565,9.637,1.746
2023-01-27 05:00:00+00:00,1,1201,stop_too_wide,off,1923.435,9.628,1.887
2023-01-27 07:00:00+00:00,1,1201,stop_too_wide,off,1924.545,10.698,1.807
2023-01-27 12:00:00+00:00,1,1196,stop_too_wide,london,1932.0900000000001,9.325,1.853
2023-01-27 13:15:00+00:00,1,1196,stop_too_wide,overlap,1932.646,9.97,2.031
2023-01-27 15:00:00+00:00,1,1201,stop_too_wide,overlap,1927.185,14.114,3.214
2023-01-30 04:15:00+00:00,1,1196,stop_too_wide,off,1931.45,8.792,2.067
2023-01-30 07:00:00+00:00,1,1196,stop_too_wide,off,1931.51,8.763,1.889
2023-01-30 08:45:00+00:00,1,1201,stop_too_wide,london,1923.3435,10.156,2.251
2023-01-30 09:00:00+00:00,1,1201,stop_too_wide,london,1923.5085,10.291,2.19
2023-01-30 09:15:00+00:00,1,1201,stop_too_wide,london,1924.3384999999998,11.104,2.156
2023-01-30 16:45:00+00:00,1,1201,stop_too_wide,newyork,1924.3935,11.325,2.488
2023-01-30 17:30:00+00:00,1,1201,stop_too_wide,newyork,1924.6399999999999,11.527,2.399
2023-01-30 19:15:00+00:00,1,1201,stop_too_wide,newyork,1924.1599999999999,10.945,2.194
2023-02-01 17:15:00+00:00,1,1201,stop_too_wide,newyork,1925.6235,12.546,2.948
2023-02-01 19:30:00+00:00,1,1201,stop_too_wide,newyork,1938.8665,26.387,4.142
2023-02-01 19:45:00+00:00,1,1200,stop_too_wide,newyork,1943.08,23.984,4.507
2023-02-01 20:15:00+00:00,1,1200,stop_too_wide,newyork,1947.5349999999999,28.637,4.905
2023-03-12 22:00:00+00:00,1,1208,stop_too_wide,off,1893.79,31.44,4.412
2023-03-17 12:15:00+00:00,1,1224,stop_too_wide,overlap,1940.85,12.836,2.651
2023-03-21 22:15:00+00:00,1,1224,stop_too_wide,off,1942.2595,13.091,2.662
2023-03-22 02:30:00+00:00,1,1224,stop_too_wide,off,1942.1165,12.703,2.171
2023-03-22 03:30:00+00:00,1,1224,stop_too_wide,off,1940.99,11.601,2.221
2023-03-22 06:15:00+00:00,1,1224,stop_too_wide,off,1941.81,12.321,2.02
2023-03-22 08:00:00+00:00,1,1224,stop_too_wide,london,1943.55,14.387,2.672
2023-03-22 10:45:00+00:00,1,1224,stop_too_wide,london,1942.69,13.52,2.658
2023-03-22 11:45:00+00:00,1,1224,stop_too_wide,london,1942.53,13.389,2.717
2023-03-22 13:15:00+00:00,1,1224,stop_too_wide,overlap,1940.94,11.87,2.857
2023-03-22 13:45:00+00:00,1,1224,stop_too_wide,overlap,1942.9465,13.937,2.98
2023-04-10 06:15:00+00:00,1,1233,stop_too_wide,off,1994.9355,10.768,2.072
2023-04-11 00:00:00+00:00,1,1233,stop_too_wide,off,1995.2535,10.769,1.438
2023-04-11 02:00:00+00:00,1,1233,stop_too_wide,off,1995.8715000000002,11.633,1.929
2023-04-12 01:15:00+00:00,1,1229,stop_too_wide,off,2009.88,10.8,1.493
2023-04-12 01:30:00+00:00,1,1226,stop_too_wide,off,2013.025,9.847,1.654
2023-04-12 01:45:00+00:00,1,1226,stop_too_wide,off,2014.81,11.69,1.771
2023-04-12 12:30:00+00:00,1,1226,stop_too_wide,overlap,2022.3400000000001,18.675,3.25
2023-04-13 12:30:00+00:00,1,1235,stop_too_wide,overlap,2037.395,13.178,2.592
2023-04-14 08:45:00+00:00,1,1235,stop_too_wide,london,2035.7615,11.11,2.568
2023-04-14 12:15:00+00:00,1,1235,stop_too_wide,overlap,2036.8020000000001,12.175,2.618
2023-04-17 11:00:00+00:00,1,1229,stop_too_wide,london,2008.475,9.784,2.27
2023-05-09 20:00:00+00:00,1,1235,stop_too_wide,newyork,2034.8565,9.801,1.684
2023-05-09 22:00:00+00:00,1,1235,stop_too_wide,off,2035.1245,9.955,1.455
2023-05-10 12:30:00+00:00,1,1235,stop_too_wide,overlap,2046.2694999999999,22.716,3.131
2023-05-11 00:45:00+00:00,1,1235,stop_too_wide,off,2035.3595,10.255,1.585
2023-05-11 11:15:00+00:00,1,1235,stop_too_wide,london,2036.7445,13.926,2.702
2023-07-17 09:45:00+00:00,1,1249,stop_too_wide,london,1958.7044999999998,10.158,1.771
2023-07-18 01:15:00+00:00,1,1249,stop_too_wide,off,1959.0349999999999,10.163,1.119
2023-07-18 02:45:00+00:00,1,1249,stop_too_wide,off,1959.08,10.351,1.405
2023-07-18 06:15:00+00:00,1,1249,stop_too_wide,off,1959.835,11.085,1.365
2023-07-18 07:00:00+00:00,1,1253,stop_too_wide,london,1962.495,7.974,1.447
2023-07-18 07:15:00+00:00,1,1253,stop_too_wide,london,1963.0549999999998,8.539,1.455
2023-07-18 10:00:00+00:00,1,1253,stop_too_wide,london,1963.19,8.676,1.46
2023-07-18 11:00:00+00:00,1,1253,stop_too_wide,london,1963.625,9.095,1.428
2023-07-18 12:45:00+00:00,1,1253,stop_too_wide,overlap,1968.7395000000001,15.1,3.208
2023-07-20 19:00:00+00:00,1,1251,stop_too_wide,newyork,1969.9535,8.862,2.176
2023-07-21 06:00:00+00:00,1,1251,stop_too_wide,off,1971.15,9.553,1.166
2023-07-21 07:00:00+00:00,1,1251,stop_too_wide,london,1970.81,9.243,1.227
2023-07-21 08:15:00+00:00,1,1253,stop_too_wide,london,1963.815,9.382,1.621
2023-07-21 09:15:00+00:00,1,1253,stop_too_wide,london,1963.8899999999999,9.602,1.912
2023-07-21 14:15:00+00:00,1,1249,stop_too_wide,overlap,1960.87,12.754,2.633
2023-07-21 15:00:00+00:00,1,1249,stop_too_wide,overlap,1960.885,12.927,2.948
2023-07-21 20:15:00+00:00,1,1253,stop_too_wide,newyork,1962.1985,7.699,1.489
2023-07-23 22:00:00+00:00,1,1253,stop_too_wide,off,1962.8105,8.237,1.341
2023-07-23 22:45:00+00:00,1,1253,stop_too_wide,off,1962.0,7.342,1.172
2023-07-24 01:00:00+00:00,1,1253,stop_too_wide,off,1962.2855,7.618,1.153
2023-07-24 09:00:00+00:00,1,1253,stop_too_wide,london,1962.9650000000001,8.628,1.815
2023-07-24 13:30:00+00:00,1,1253,stop_too_wide,overlap,1963.2395,9.043,2.094
2023-07-24 14:30:00+00:00,1,1249,stop_too_wide,overlap,1960.06,11.967,2.679
2023-07-25 04:00:00+00:00,1,1253,stop_too_wide,off,1961.99,7.374,1.256
2023-07-25 05:30:00+00:00,1,1253,stop_too_wide,off,1962.6100000000001,7.982,1.232
2023-07-25 07:00:00+00:00,1,1253,stop_too_wide,london,1962.6135,8.122,1.505
2023-07-25 08:15:00+00:00,1,1253,stop_too_wide,london,1962.17,7.798,1.745
2023-07-25 08:30:00+00:00,1,1253,stop_too_wide,london,1962.475,8.141,1.821
2023-07-25 11:45:00+00:00,1,1249,stop_too_wide,london,1960.7849999999999,12.408,2.11
2023-07-25 12:45:00+00:00,1,1249,stop_too_wide,overlap,1959.4699999999998,11.211,2.346
2023-07-25 15:15:00+00:00,1,1253,stop_too_wide,overlap,1963.6965,13.183,3.025
2023-07-26 06:15:00+00:00,1,1251,stop_too_wide,off,1969.9015,8.406,1.295
2023-07-26 07:45:00+00:00,1,1251,stop_too_wide,london,1970.6415000000002,9.221,1.446
2023-07-26 15:00:00+00:00,1,1251,stop_too_wide,overlap,1970.955,9.952,2.28
2023-07-26 17:30:00+00:00,1,1251,stop_too_wide,newyork,1970.32,9.156,1.958
2023-07-26 18:30:00+00:00,1,1251,stop_too_wide,newyork,1976.205,15.628,3.132
2023-10-27 18:00:00+00:00,1,1317,stop_too_wide,newyork,2004.3285,26.47,3.672
2023-10-30 13:00:00+00:00,1,1317,stop_too_wide,overlap,2002.2649999999999,12.338,2.547
2023-10-31 10:45:00+00:00,1,1317,stop_too_wide,london,2000.06,9.672,1.625
2023-10-31 11:30:00+00:00,1,1317,stop_too_wide,london,1999.84,9.447,1.615
2023-10-31 13:45:00+00:00,1,1317,stop_too_wide,overlap,2002.5445,12.582,2.477
2023-11-24 08:15:00+00:00,1,1324,stop_too_wide,london,1993.3165,5.642,1.312
2023-11-24 13:30:00+00:00,1,1317,stop_too_wide,overlap,2000.955,12.607,1.745
2023-11-24 16:15:00+00:00,1,1317,stop_too_wide,overlap,2000.3114999999998,12.134,2.087
2023-11-24 16:45:00+00:00,1,1317,stop_too_wide,newyork,1999.9365,11.713,1.995
2023-11-27 01:15:00+00:00,1,1323,stop_too_wide,off,2017.0900000000001,17.248,2.645
2023-12-06 16:30:00+00:00,1,1337,stop_too_wide,newyork,2026.615,20.918,3.247
2023-12-14 08:15:00+00:00,1,1339,stop_too_wide,london,2040.2150000000001,12.407,3.053
2023-12-14 14:30:00+00:00,1,1339,stop_too_wide,overlap,2047.83,22.097,3.735
2023-12-14 14:30:00+00:00,1,1342,stop_too_wide,overlap,2047.83,22.097,3.735
2023-12-15 08:45:00+00:00,1,1339,stop_too_wide,london,2040.12,10.648,1.826
2023-12-15 09:00:00+00:00,1,1342,stop_too_wide,london,2043.145,10.99,1.992
2023-12-15 10:15:00+00:00,1,1342,stop_too_wide,london,2043.85,11.766,2.134
2023-12-15 10:30:00+00:00,1,1342,stop_too_wide,london,2043.935,11.828,2.088
2023-12-15 12:00:00+00:00,1,1342,stop_too_wide,london,2043.15,11.0,2.002
2024-02-07 07:00:00+00:00,1,1340,stop_too_wide,off,2034.34,9.587,0.932
2024-02-07 09:15:00+00:00,1,1340,stop_too_wide,london,2034.1,9.466,1.17
2024-02-07 11:15:00+00:00,1,1340,stop_too_wide,london,2035.03,10.376,1.131
2024-02-07 11:45:00+00:00,1,1340,stop_too_wide,london,2034.21,9.571,1.161
2024-02-07 13:15:00+00:00,1,1340,stop_too_wide,overlap,2034.725,10.226,1.44
2024-02-07 14:30:00+00:00,1,1340,stop_too_wide,overlap,2040.37,16.281,2.259
2024-02-09 01:00:00+00:00,1,1340,stop_too_wide,off,2034.145,9.076,1.275
2024-02-27 01:30:00+00:00,1,1340,stop_too_wide,off,2033.3065,8.146,1.093
2024-02-27 01:45:00+00:00,1,1340,stop_too_wide,off,2033.6115,8.444,1.078
2024-02-27 02:30:00+00:00,1,1340,stop_too_wide,off,2034.1665,9.002,1.084
2024-02-27 03:45:00+00:00,1,1340,stop_too_wide,off,2033.49,8.289,1.012
2024-02-27 08:15:00+00:00,1,1354,stop_too_wide,london,2037.41,7.172,1.038
2024-02-27 10:45:00+00:00,1,1354,stop_too_wide,london,2036.51,6.377,1.247
2024-02-27 11:30:00+00:00,1,1354,stop_too_wide,london,2037.8265,7.726,1.313
2024-02-27 14:15:00+00:00,1,1354,stop_too_wide,overlap,2036.5,6.54,1.593
2024-02-27 16:15:00+00:00,1,1340,stop_too_wide,overlap,2034.0165,9.228,1.836
2024-02-27 18:00:00+00:00,1,1340,stop_too_wide,newyork,2035.135,10.362,1.867
2024-02-27 20:30:00+00:00,1,1356,stop_too_wide,newyork,2030.1435,7.219,1.566
2024-02-28 01:30:00+00:00,1,1340,stop_too_wide,off,2033.31,8.19,1.174
2024-02-28 01:45:00+00:00,1,1340,stop_too_wide,off,2033.5149999999999,8.387,1.157
2024-02-28 12:30:00+00:00,1,1356,stop_too_wide,london,2029.6115,6.487,1.166
2024-02-28 13:00:00+00:00,1,1356,stop_too_wide,overlap,2032.3765,9.335,1.332
2024-02-28 16:15:00+00:00,1,1340,stop_too_wide,overlap,2033.6215000000002,8.814,1.799
2024-02-28 16:45:00+00:00,1,1340,stop_too_wide,newyork,2033.68,8.852,1.757
2024-02-28 17:45:00+00:00,1,1340,stop_too_wide,newyork,2033.87,9.016,1.705
2024-02-28 20:00:00+00:00,1,1340,stop_too_wide,newyork,2033.7335,8.739,1.425
2024-02-28 20:15:00+00:00,1,1340,stop_too_wide,newyork,2034.2,9.194,1.402
2024-02-28 21:15:00+00:00,1,1340,stop_too_wide,newyork,2033.72,8.614,1.202
2024-02-29 01:30:00+00:00,1,1354,stop_too_wide,off,2036.31,6.125,1.143
2024-02-29 01:45:00+00:00,1,1354,stop_too_wide,off,2036.5585,6.371,1.138
2024-02-29 02:15:00+00:00,1,1354,stop_too_wide,off,2036.7615,6.581,1.153
2024-02-29 03:45:00+00:00,1,1354,stop_too_wide,off,2036.6165,6.385,1.05
2024-02-29 06:15:00+00:00,1,1354,stop_too_wide,off,2036.4595,6.144,0.884
2024-02-29 08:15:00+00:00,1,1354,stop_too_wide,london,2036.905,6.669,1.042
2024-02-29 08:45:00+00:00,1,1354,stop_too_wide,london,2037.2849999999999,7.068,1.079
2024-02-29 11:45:00+00:00,1,1356,stop_too_wide,london,2030.3784999999998,7.285,1.227
2024-02-29 12:30:00+00:00,1,1356,stop_too_wide,london,2030.2849999999999,7.227,1.299
2024-02-29 13:30:00+00:00,1,1340,stop_too_wide,overlap,2043.92,19.298,2.169
2024-02-29 13:30:00+00:00,1,1354,stop_too_wide,overlap,2043.92,16.834,2.169
2024-03-01 09:00:00+00:00,1,1342,stop_too_wide,london,2043.7350000000001,12.073,1.659
2024-03-01 15:15:00+00:00,1,1352,stop_too_wide,overlap,2063.7015,19.743,3.402
2024-03-18 09:00:00+00:00,1,1374,stop_too_wide,london,2155.3514999999998,7.769,1.866
2024-03-18 09:30:00+00:00,1,1374,stop_too_wide,london,2155.38,7.789,1.85
2024-03-19 07:45:00+00:00,1,1374,stop_too_wide,off,2155.8315000000002,8.189,1.746
2024-03-19 10:00:00+00:00,1,1374,stop_too_wide,london,2155.425,9.356,2.282
2024-03-19 12:30:00+00:00,1,1374,stop_too_wide,overlap,2157.995,10.793,2.627
2024-03-20 08:15:00+00:00,1,1374,stop_too_wide,london,2156.4385,8.683,1.521
2024-03-20 09:15:00+00:00,1,1374,stop_too_wide,london,2155.6585,7.864,1.442
2024-03-20 18:30:00+00:00,1,1371,stop_too_wide,newyork,2174.4305,19.947,4.353
2024-05-17 14:15:00+00:00,1,1392,stop_too_wide,overlap,2405.93,21.074,4.149
2024-05-17 14:30:00+00:00,1,1392,stop_too_wide,overlap,2409.05,21.915,4.31
2024-05-17 15:45:00+00:00,1,1392,stop_too_wide,newyork,2407.79,21.042,5.085
2024-05-22 11:45:00+00:00,1,1392,stop_too_wide,london,2408.7785,21.117,3.258
2024-07-04 06:30:00+00:00,1,1399,stop_too_wide,off,2355.3415,17.775,2.173
2024-07-04 07:30:00+00:00,1,1405,stop_too_wide,london,2357.24,9.292,2.226
2024-07-04 07:45:00+00:00,1,1405,stop_too_wide,london,2357.62,9.661,2.205
2024-07-04 09:15:00+00:00,1,1405,stop_too_wide,london,2357.26,9.295,2.193
2024-07-05 12:30:00+00:00,1,1399,stop_too_wide,overlap,2373.0085,36.319,3.926
2024-07-05 12:30:00+00:00,1,1422,stop_too_wide,overlap,2373.0085,26.395,3.926
2024-07-08 10:00:00+00:00,1,1411,stop_too_wide,london,2372.1465,11.675,2.55
2024-07-08 13:45:00+00:00,1,1411,stop_too_wide,overlap,2375.59,15.379,3.07
2024-07-08 19:00:00+00:00,1,1422,stop_too_wide,newyork,2357.7565000000004,12.632,3.089
2024-07-10 06:45:00+00:00,1,1411,stop_too_wide,off,2372.0015000000003,11.199,1.887
2024-07-10 17:45:00+00:00,1,1411,stop_too_wide,newyork,2373.0834999999997,12.844,3.014
2024-07-10 18:30:00+00:00,1,1411,stop_too_wide,newyork,2371.8185000000003,11.495,2.846
2024-07-10 19:45:00+00:00,1,1411,stop_too_wide,newyork,2371.875,11.345,2.432
2024-07-24 12:45:00+00:00,1,1428,stop_too_wide,overlap,2421.48,13.56,2.92
2024-07-24 13:30:00+00:00,1,1428,stop_too_wide,overlap,2422.955,15.32,3.491
2024-07-24 14:15:00+00:00,1,1428,stop_too_wide,overlap,2426.3215,19.13,4.378
2024-08-08 14:15:00+00:00,1,1428,stop_too_wide,overlap,2423.87,24.038,5.146
2024-08-08 16:15:00+00:00,1,1428,stop_too_wide,newyork,2423.2250000000004,22.614,4.884
2024-08-08 17:15:00+00:00,1,1428,stop_too_wide,newyork,2423.705,23.06,4.816
2024-08-08 17:45:00+00:00,1,1428,stop_too_wide,newyork,2423.605,22.87,4.638
2024-08-09 01:15:00+00:00,1,1428,stop_too_wide,off,2424.0245,22.328,2.715
2024-08-09 04:45:00+00:00,1,1428,stop_too_wide,off,2423.98,22.177,2.502
2024-08-09 07:15:00+00:00,1,1428,stop_too_wide,london,2424.615,22.897,2.672
2024-08-09 08:45:00+00:00,1,1428,stop_too_wide,london,2424.5335,22.883,2.807
2024-08-09 10:30:00+00:00,1,1426,stop_too_wide,london,2430.145,18.224,2.668
2024-08-09 12:45:00+00:00,1,1426,stop_too_wide,overlap,2429.755,17.907,2.815
2024-08-09 13:15:00+00:00,1,1426,stop_too_wide,overlap,2431.9865,20.142,2.822
2024-08-09 13:45:00+00:00,1,1428,stop_too_wide,overlap,2426.735,25.484,3.606
2024-08-09 14:00:00+00:00,1,1426,stop_too_wide,overlap,2430.2555,18.847,3.695
2024-08-09 14:15:00+00:00,1,1426,stop_too_wide,overlap,2432.15,20.741,3.693
2024-08-09 15:30:00+00:00,1,1426,stop_too_wide,newyork,2431.3665,20.064,3.905
2024-08-09 16:15:00+00:00,1,1426,stop_too_wide,newyork,2430.63,19.23,3.71
2024-08-09 18:45:00+00:00,1,1426,stop_too_wide,newyork,2429.885,18.147,3.034
2024-08-09 20:00:00+00:00,1,1426,stop_too_wide,newyork,2430.3315000000002,18.378,2.605
2024-08-09 20:30:00+00:00,1,1426,stop_too_wide,newyork,2430.58,18.554,2.46
2024-08-11 22:15:00+00:00,1,1426,stop_too_wide,off,2432.71,20.77,2.631
2024-08-11 22:45:00+00:00,1,1426,stop_too_wide,off,2430.55,18.574,2.558
2024-08-12 04:00:00+00:00,1,1426,stop_too_wide,off,2429.81,17.655,2.201
2024-08-12 05:45:00+00:00,1,1426,stop_too_wide,off,2434.7200000000003,22.641,2.353
2024-08-12 10:30:00+00:00,1,1430,stop_too_wide,london,2444.655,11.78,2.356
2024-08-12 12:15:00+00:00,1,1430,stop_too_wide,overlap,2444.1099999999997,11.21,2.306
2024-08-12 13:00:00+00:00,1,1430,stop_too_wide,overlap,2444.7349999999997,11.836,2.309
2024-08-12 18:00:00+00:00,1,1439,stop_too_wide,newyork,2469.105,17.643,3.59
2024-08-13 12:30:00+00:00,1,1439,stop_too_wide,overlap,2471.0415000000003,19.174,2.779
2024-08-13 13:30:00+00:00,1,1439,stop_too_wide,overlap,2473.745,22.455,3.934
2024-08-13 14:30:00+00:00,1,1439,stop_too_wide,overlap,2469.1000000000004,17.929,4.172
2024-08-13 16:45:00+00:00,1,1439,stop_too_wide,newyork,2469.5285000000003,18.078,3.612
2024-08-14 01:00:00+00:00,1,1439,stop_too_wide,off,2468.4134999999997,16.16,2.008
2024-08-14 07:00:00+00:00,1,1439,stop_too_wide,london,2469.84,17.85,2.534
2024-08-16 11:00:00+00:00,1,1439,stop_too_wide,london,2468.7445,16.815,2.656
2024-08-16 11:45:00+00:00,1,1439,stop_too_wide,london,2472.2084999999997,20.435,2.967
2024-08-16 13:15:00+00:00,1,1431,stop_too_wide,overlap,2488.0215,25.154,4.528
2024-08-16 13:30:00+00:00,1,1431,stop_too_wide,overlap,2494.09,29.122,4.933
2024-08-22 04:30:00+00:00,1,1447,stop_too_wide,off,2502.015,12.438,2.435
2024-08-23 09:15:00+00:00,1,1447,stop_too_wide,london,2501.2799999999997,11.627,2.283
2024-08-23 11:45:00+00:00,1,1447,stop_too_wide,london,2501.6785,12.06,2.352
2024-08-23 12:30:00+00:00,1,1447,stop_too_wide,overlap,2500.9,11.306,2.4
2024-08-23 14:00:00+00:00,1,1447,stop_too_wide,overlap,2517.105,28.365,4.108
2024-08-28 13:00:00+00:00,1,1447,stop_too_wide,overlap,2506.2200000000003,17.025,3.2
2024-08-29 00:15:00+00:00,1,1451,stop_too_wide,off,2514.255,14.666,2.391
2024-08-29 13:30:00+00:00,1,1451,stop_too_wide,overlap,2514.445,15.602,3.882
2024-09-27 20:45:00+00:00,1,1462,stop_too_wide,newyork,2658.425,14.511,3.573
2024-09-30 05:30:00+00:00,1,1462,stop_too_wide,off,2658.7585,13.389,2.731
2024-09-30 06:15:00+00:00,1,1462,stop_too_wide,off,2659.375,14.047,2.815
2024-09-30 07:00:00+00:00,1,1462,stop_too_wide,london,2659.135,13.783,2.767
2024-10-02 01:15:00+00:00,1,1462,stop_too_wide,off,2659.2799999999997,13.803,2.517
2024-10-02 13:15:00+00:00,1,1462,stop_too_wide,overlap,2657.99,16.066,3.795
2024-10-02 13:45:00+00:00,1,1462,stop_too_wide,overlap,2659.518,17.765,4.136
2024-10-02 19:30:00+00:00,1,1462,stop_too_wide,newyork,2658.2615,13.043,3.034
2024-10-02 19:45:00+00:00,1,1462,stop_too_wide,newyork,2658.6765,13.407,2.932
2024-10-03 01:45:00+00:00,1,1462,stop_too_wide,off,2658.3199999999997,12.556,1.943
2024-10-03 02:15:00+00:00,1,1462,stop_too_wide,off,2658.215,12.505,2.052
2024-10-29 01:45:00+00:00,1,1471,stop_too_wide,off,2752.14,15.605,2.14
2024-10-29 03:30:00+00:00,1,1471,stop_too_wide,off,2752.7915000000003,16.554,2.735
2024-10-29 06:00:00+00:00,1,1471,stop_too_wide,off,2751.285,15.045,2.73
2024-10-29 08:30:00+00:00,1,1471,stop_too_wide,london,2751.9745000000003,15.767,2.795
2024-10-29 11:00:00+00:00,1,1471,stop_too_wide,london,2751.2,14.925,2.66
2024-10-29 12:30:00+00:00,1,1471,stop_too_wide,overlap,2752.145,16.052,3.025
2024-10-29 13:00:00+00:00,1,1471,stop_too_wide,overlap,2755.58,19.71,3.47
2024-11-01 03:45:00+00:00,1,1471,stop_too_wide,off,2751.855,15.503,2.506
2024-11-01 04:15:00+00:00,1,1471,stop_too_wide,off,2751.81,15.352,2.295
2024-11-01 08:00:00+00:00,1,1471,stop_too_wide,london,2752.525,16.195,2.55
2024-11-06 01:00:00+00:00,1,1474,stop_too_wide,off,2738.99,18.531,3.034
