signal_ts,entry_ts,direction,structural_stop,atr_buffer,stop,stop_distance,ref_close,atr15,spread,zone_id,zone_lo,zone_hi,zone_touches,setup,session,regime,bars_to_retest,retest_completed,body_pct,upper_wick_pct,lower_wick_pct,close_pos,range
2015-03-02 19:00:00+00:00,2015-03-02 19:15:00+00:00,-1,1213.523,0.788,1214.311,5.51,1208.801,1.575,0.3279,26,1208.844,1213.523,2,retest,newyork,bear,10,True,0.0803,0.7243,0.1954,0.1954,0.691
2015-03-03 12:30:00+00:00,2015-03-03 12:45:00+00:00,-1,1213.523,0.626,1214.149,4.049,1210.1,1.252,0.265,26,1208.844,1213.523,2,retest,london,bear,11,True,0.5218,0.4731,0.005,0.005,1.294
2015-03-03 15:30:00+00:00,2015-03-03 15:45:00+00:00,-1,1214.919,1.152,1216.071,7.041,1209.03,2.304,0.2934,26,1208.844,1213.523,2,retest,overlap,bear,10,True,0.7623,0.1992,0.0385,0.0385,4.118
2015-03-30 12:30:00+00:00,2015-03-30 12:45:00+00:00,-1,1188.275,0.796,1189.071,4.121,1184.949,1.591,0.2837,40,1184.169,1188.171,2,retest,overlap,bear,4,True,0.6426,0.2231,0.1343,0.1343,1.779
2015-03-30 13:45:00+00:00,2015-03-30 14:00:00+00:00,-1,1188.171,0.945,1189.116,3.627,1185.488,1.89,0.2838,40,1184.169,1188.171,2,retest,overlap,bear,3,True,0.8294,0.1142,0.0564,0.0564,2.039
2015-03-31 12:15:00+00:00,2015-03-31 12:30:00+00:00,-1,1188.171,0.806,1188.977,2.251,1186.726,1.613,0.2891,40,1184.169,1188.171,2,retest,overlap,bear,3,True,0.0035,0.8684,0.1281,0.1281,1.569
2015-03-31 17:00:00+00:00,2015-03-31 17:15:00+00:00,-1,1188.171,0.87,1189.04,5.912,1183.128,1.739,0.2526,40,1184.169,1188.171,2,retest,newyork,bear,1,True,0.4095,0.4518,0.1387,0.1387,1.726
2015-04-23 08:15:00+00:00,2015-04-23 08:30:00+00:00,-1,1193.081,0.645,1193.726,4.924,1188.802,1.29,0.2777,39,1189.485,1193.081,2,retest,london,bear,12,True,0.6823,0.2664,0.0513,0.0513,1.541
2015-04-23 11:00:00+00:00,2015-04-23 11:15:00+00:00,-1,1193.081,0.592,1193.673,3.938,1189.735,1.183,0.2845,39,1189.485,1193.081,2,retest,london,bear,4,True,0.1204,0.5565,0.323,0.323,1.631
2015-04-23 13:00:00+00:00,2015-04-23 13:15:00+00:00,-1,1193.081,0.793,1193.875,5.062,1188.812,1.587,0.2612,39,1189.485,1193.081,2,retest,overlap,bear,3,True,0.3156,0.6758,0.0086,0.0086,1.694
2015-04-24 13:15:00+00:00,2015-04-24 13:30:00+00:00,-1,1193.081,0.887,1193.968,6.223,1187.745,1.774,0.2681,39,1189.485,1193.081,2,retest,overlap,bear,9,True,0.8067,0.0544,0.1389,0.1389,2.084
2015-04-24 18:15:00+00:00,2015-04-24 18:30:00+00:00,-1,1182.495,0.834,1183.329,5.724,1177.605,1.669,0.2587,38,1177.026,1182.495,3,retest,newyork,bear,6,True,0.4616,0.3022,0.2362,0.2362,0.931
2015-05-08 10:15:00+00:00,2015-05-08 10:30:00+00:00,-1,1190.35,0.555,1190.905,3.733,1187.172,1.11,0.2812,47,1187.08,1190.35,2,retest,london,bear,7,True,0.2863,0.3979,0.3158,0.3158,1.474
2015-05-08 12:30:00+00:00,2015-05-08 12:45:00+00:00,-1,1194.12,1.297,1195.417,9.967,1185.45,2.594,0.3267,47,1187.08,1190.35,2,retest,overlap,bear,8,True,0.6329,0.0659,0.3012,0.3012,11.687
2015-05-08 13:30:00+00:00,2015-05-08 13:45:00+00:00,-1,1196.387,1.491,1197.878,9.814,1188.063,2.981,0.3095,42,1190.165,1196.387,6,retest,overlap,bear,4,True,0.8355,0.0835,0.0809,0.0809,4.861
2015-05-08 14:15:00+00:00,2015-05-08 14:30:00+00:00,-1,1193.617,1.416,1195.033,9.008,1186.024,2.832,0.2755,47,1187.08,1190.35,2,retest,overlap,bear,2,True,0.3945,0.4719,0.1336,0.1336,1.524
2015-06-01 15:00:00+00:00,2015-06-01 15:15:00+00:00,-1,1204.394,1.318,1205.713,9.966,1195.747,2.637,0.2667,61,1200.479,1202.813,2,retest,overlap,bear,4,True,0.823,0.0173,0.1597,0.1597,5.753
2015-06-02 08:15:00+00:00,2015-06-02 08:30:00+00:00,-1,1190.7,0.676,1191.376,4.162,1187.215,1.352,0.2901,47,1187.08,1190.35,2,retest,london,bear,2,True,0.6425,0.2007,0.1569,0.1569,1.37
2015-06-02 09:00:00+00:00,2015-06-02 09:15:00+00:00,-1,1190.35,0.649,1190.998,3.983,1187.015,1.297,0.2861,47,1187.08,1190.35,2,retest,london,bear,2,True,0.0581,0.7608,0.1811,0.1811,0.972
2015-06-03 13:30:00+00:00,2015-06-03 13:45:00+00:00,-1,1195.148,0.918,1196.066,5.803,1190.264,1.836,0.3089,52,1189.992,1195.148,5,retest,overlap,bear,4,True,0.0085,0.9378,0.0537,0.0537,2.42
2015-06-03 14:15:00+00:00,2015-06-03 14:30:00+00:00,-1,1195.148,0.924,1196.072,6.17,1189.902,1.848,0.2952,52,1189.992,1195.148,5,retest,overlap,bear,2,True,0.5108,0.334,0.1552,0.1552,1.846
2015-06-03 19:30:00+00:00,2015-06-03 19:45:00+00:00,-1,1187.303,0.784,1188.087,2.058,1186.028,1.568,0.3286,62,1184.411,1187.303,3,retest,newyork,bear,12,True,0.2791,0.7074,0.0135,0.0135,1.075
2015-06-04 08:45:00+00:00,2015-06-04 09:00:00+00:00,-1,1185.983,0.853,1186.836,4.236,1182.6,1.706,0.3211,54,1180.656,1185.983,3,retest,london,bear,7,True,0.7724,0.1725,0.0552,0.0552,3.282
2015-06-04 12:45:00+00:00,2015-06-04 13:00:00+00:00,-1,1185.983,1.001,1186.984,7.885,1179.099,2.001,0.2987,54,1180.656,1185.983,3,retest,overlap,bear,2,True,0.5611,0.1973,0.2416,0.2416,3.015
2015-06-04 13:45:00+00:00,2015-06-04 14:00:00+00:00,-1,1183.856,1.121,1184.977,8.719,1176.258,2.241,0.2875,53,1177.708,1182.18,5,retest,overlap,bear,1,True,0.387,0.2811,0.3318,0.3318,2.682
2015-06-04 19:00:00+00:00,2015-06-04 19:15:00+00:00,-1,1182.18,0.75,1182.93,5.589,1177.341,1.499,0.2793,53,1177.708,1182.18,5,retest,newyork,bear,1,True,0.1135,0.5779,0.3086,0.3086,1.005
2015-06-09 11:00:00+00:00,2015-06-09 11:15:00+00:00,-1,1185.983,0.62,1186.604,4.96,1181.644,1.241,0.3153,54,1180.656,1185.983,3,retest,london,bear,9,True,0.3907,0.3343,0.2751,0.2751,0.718
2015-06-09 16:00:00+00:00,2015-06-09 16:15:00+00:00,-1,1182.18,0.683,1182.863,5.332,1177.53,1.366,0.2943,53,1177.708,1182.18,5,retest,newyork,bear,9,True,0.8197,0.161,0.0192,0.0192,1.065
2015-06-11 12:45:00+00:00,2015-06-11 13:00:00+00:00,-1,1185.483,0.994,1186.478,3.56,1182.918,1.989,0.3011,53,1177.708,1182.18,5,retest,overlap,bear,2,True,0.2271,0.4531,0.3198,0.3198,3.384
2015-06-11 16:00:00+00:00,2015-06-11 16:15:00+00:00,-1,1185.983,0.911,1186.895,6.609,1180.286,1.823,0.2423,54,1180.656,1185.983,3,retest,newyork,bear,10,True,0.3825,0.2912,0.3263,0.3263,1.238
2015-06-12 14:00:00+00:00,2015-06-12 14:15:00+00:00,-1,1185.983,0.755,1186.738,5.088,1181.65,1.51,0.2773,54,1180.656,1185.983,3,retest,overlap,bear,7,True,0.7592,0.0,0.2408,0.2408,1.474
2015-06-15 07:15:00+00:00,2015-06-15 07:30:00+00:00,-1,1185.983,0.542,1186.525,3.421,1183.104,1.084,0.2873,54,1180.656,1185.983,3,retest,london,bear,6,True,0.7816,0.0219,0.1965,0.1965,2.082
2015-06-15 12:00:00+00:00,2015-06-15 12:15:00+00:00,-1,1182.415,0.868,1183.283,3.718,1179.565,1.737,0.2863,53,1177.708,1182.18,5,retest,overlap,bear,9,True,0.6852,0.0516,0.2632,0.2632,2.432
2015-06-15 13:45:00+00:00,2015-06-15 14:00:00+00:00,-1,1185.983,0.966,1186.949,5.224,1181.725,1.931,0.2933,54,1180.656,1185.983,3,retest,overlap,bear,7,True,0.457,0.4524,0.0906,0.0906,1.291
2015-06-15 14:30:00+00:00,2015-06-15 14:45:00+00:00,-1,1185.413,0.966,1186.379,4.264,1182.115,1.932,0.2815,68,1182.042,1185.413,2,retest,overlap,bear,3,True,0.5557,0.3142,0.1302,0.1302,1.541
2015-06-15 15:45:00+00:00,2015-06-15 16:00:00+00:00,-1,1190.591,1.151,1191.742,2.662,1189.08,2.301,0.2687,68,1182.042,1185.413,2,retest,newyork,bear,3,True,0.5791,0.0997,0.3212,0.3212,1.966
2015-07-03 15:45:00+00:00,2015-07-03 16:00:00+00:00,-1,1172.727,0.621,1173.348,4.825,1168.524,1.243,0.2878,67,1167.626,1172.727,4,retest,newyork,bear,6,True,0.2592,0.5322,0.2086,0.2086,0.544
2015-07-06 17:30:00+00:00,2015-07-06 17:45:00+00:00,-1,1174.57,0.724,1175.294,2.574,1172.72,1.449,0.2245,67,1167.626,1172.727,4,retest,newyork,bear,6,True,0.8614,0.0004,0.1382,0.1382,1.403
2015-07-13 09:15:00+00:00,2015-07-13 09:30:00+00:00,-1,1159.631,0.78,1160.411,4.771,1155.64,1.56,0.3097,74,1155.917,1159.631,3,retest,london,bear,8,True,0.484,0.4569,0.059,0.059,1.456
2015-07-13 12:30:00+00:00,2015-07-13 12:45:00+00:00,-1,1159.631,0.692,1160.323,4.542,1155.78,1.384,0.3033,74,1155.917,1159.631,3,retest,overlap,bear,2,True,0.3919,0.452,0.1561,0.1561,1.249
2015-07-14 15:15:00+00:00,2015-07-14 15:30:00+00:00,-1,1159.631,0.678,1160.309,4.747,1155.562,1.356,0.2882,74,1155.917,1159.631,3,retest,overlap,bear,1,True,0.0034,0.7136,0.283,0.283,1.189
2015-07-15 15:15:00+00:00,2015-07-15 15:30:00+00:00,-1,1149.593,0.925,1150.518,5.227,1145.291,1.851,0.2851,78,1145.814,1149.593,2,retest,overlap,bear,2,True,0.9534,0.0115,0.0351,0.0351,2.134
2015-07-15 18:15:00+00:00,2015-07-15 18:30:00+00:00,-1,1149.614,0.728,1150.342,1.671,1148.671,1.455,0.3177,78,1145.814,1149.593,2,retest,newyork,bear,10,True,0.6012,0.3051,0.0937,0.0937,0.331
2015-11-20 10:15:00+00:00,2015-11-20 10:30:00+00:00,-1,1088.193,0.667,1088.86,3.44,1085.42,1.333,0.2958,140,1083.251,1086.545,4,retest,london,bear,11,True,0.5538,0.1709,0.2753,0.2753,1.144
2015-11-20 14:15:00+00:00,2015-11-20 14:30:00+00:00,-1,1087.014,0.804,1087.818,5.553,1082.265,1.608,0.2337,140,1083.251,1086.545,4,retest,overlap,bear,4,True,0.3126,0.6077,0.0797,0.0797,1.261
2015-12-03 20:15:00+00:00,2015-12-03 20:30:00+00:00,-1,1069.208,0.962,1070.169,5.384,1064.785,1.923,0.3805,147,1063.487,1069.208,4,retest,newyork,bear,6,True,0.5023,0.3719,0.1259,0.1259,0.874
2016-02-17 11:00:00+00:00,2016-02-17 11:15:00+00:00,1,1197.1,1.12,1195.979,8.367,1204.347,2.241,0.3047,181,1197.1,1202.906,2,retest,london,bull,4,True,0.6718,0.1695,0.1587,0.8305,2.649
2016-03-09 15:00:00+00:00,2016-03-09 15:15:00+00:00,1,1243.07,1.374,1241.696,6.263,1247.958,2.749,0.3201,190,1246.072,1255.905,2,retest,overlap,bull,9,True,0.6392,0.0325,0.3284,0.9675,2.479
2016-03-09 17:00:00+00:00,2016-03-09 17:15:00+00:00,1,1246.072,1.63,1244.442,10.238,1254.679,3.261,0.311,190,1246.072,1255.905,2,retest,newyork,bull,4,True,0.275,0.2552,0.4697,0.7448,3.839
2016-03-09 19:15:00+00:00,2016-03-09 19:30:00+00:00,1,1246.072,1.388,1244.684,8.916,1253.601,2.776,0.3436,190,1246.072,1255.905,2,retest,newyork,bull,8,True,0.0909,0.1003,0.8089,0.8997,1.75
2016-04-18 14:15:00+00:00,2016-04-18 14:30:00+00:00,1,1232.511,0.978,1231.533,3.136,1234.669,1.956,0.2997,189,1233.078,1239.811,3,retest,overlap,bull,8,True,0.2983,0.1873,0.5144,0.8127,2.514
2016-04-19 14:45:00+00:00,2016-04-19 15:00:00+00:00,1,1246.402,1.119,1245.283,8.467,1253.75,2.239,0.2741,193,1246.402,1252.828,4,retest,overlap,bull,6,True,0.2145,0.1131,0.6724,0.8869,2.17
2016-04-19 18:15:00+00:00,2016-04-19 18:30:00+00:00,1,1246.402,0.947,1245.455,7.181,1252.635,1.894,0.3192,193,1246.402,1252.828,4,retest,newyork,bull,8,True,0.294,0.0017,0.7043,0.9983,3.247
2016-04-20 13:30:00+00:00,2016-04-20 13:45:00+00:00,1,1246.402,0.931,1245.471,7.284,1252.755,1.861,0.2889,193,1246.402,1252.828,4,retest,overlap,bull,2,True,0.2465,0.2953,0.4581,0.7047,2.172
2016-04-20 14:30:00+00:00,2016-04-20 14:45:00+00:00,1,1246.402,1.021,1245.381,7.72,1253.101,2.042,0.3043,193,1246.402,1252.828,4,retest,overlap,bull,3,True,0.5895,0.285,0.1256,0.715,2.154
2016-04-20 17:45:00+00:00,2016-04-20 18:00:00+00:00,1,1246.402,0.954,1245.448,7.107,1252.555,1.908,0.3405,193,1246.402,1252.828,4,retest,newyork,bull,3,True,0.1029,0.0335,0.8636,0.9665,1.06
2016-04-20 19:45:00+00:00,2016-04-20 20:00:00+00:00,1,1242.479,1.115,1241.364,3.656,1245.02,2.231,0.3468,193,1246.402,1252.828,4,retest,newyork,bull,6,True,0.8124,0.1853,0.0024,0.8147,2.327
2016-04-20 20:45:00+00:00,2016-04-20 22:00:00+00:00,1,1238.279,0.939,1237.34,6.94,1244.28,1.878,0.4123,196,1238.279,1244.681,3,retest,newyork,bull,4,True,0.2418,0.0969,0.6613,0.9031,0.687
2016-04-21 14:00:00+00:00,2016-04-21 14:15:00+00:00,1,1247.81,1.924,1245.886,7.834,1253.72,3.848,0.3361,199,1256.405,1264.471,4,retest,overlap,bull,8,True,0.7791,0.1275,0.0934,0.8725,5.731
2016-04-21 14:45:00+00:00,2016-04-21 15:00:00+00:00,1,1246.402,1.957,1244.445,6.196,1250.641,3.914,0.3209,193,1246.402,1252.828,4,retest,overlap,bull,3,True,0.1617,0.3186,0.5197,0.6814,3.068
2016-04-22 13:45:00+00:00,2016-04-22 14:00:00+00:00,1,1238.489,1.24,1237.248,6.761,1244.009,2.481,0.3298,187,1238.489,1245.865,8,retest,overlap,bull,7,True,0.6707,0.3225,0.0069,0.6775,3.787
2016-06-10 15:30:00+00:00,2016-06-10 15:45:00+00:00,1,1267.314,1.047,1266.267,4.077,1270.345,2.093,0.3063,209,1267.314,1273.556,4,retest,newyork,bull,8,True,0.2133,0.075,0.7117,0.925,1.833
2016-06-13 16:15:00+00:00,2016-06-13 16:30:00+00:00,1,1277.56,1.158,1276.402,8.124,1284.526,2.316,0.3177,211,1277.56,1283.986,3,retest,newyork,bull,3,True,0.7006,0.1376,0.1618,0.8624,1.885
2016-06-13 17:45:00+00:00,2016-06-13 18:00:00+00:00,1,1277.56,1.078,1276.482,5.808,1282.29,2.156,0.3037,211,1277.56,1283.986,3,retest,newyork,bull,2,True,0.3897,0.0647,0.5456,0.9353,2.309
2016-06-15 19:00:00+00:00,2016-06-15 19:15:00+00:00,1,1283.431,1.416,1282.015,11.146,1293.161,2.832,0.3673,233,1285.873,1291.344,2,retest,newyork,bull,3,True,0.5504,0.0591,0.3905,0.9409,3.036
2016-06-17 15:30:00+00:00,2016-06-17 15:45:00+00:00,1,1285.049,1.291,1283.758,5.564,1289.322,2.582,0.3131,233,1285.873,1291.344,2,retest,newyork,bull,6,True,0.9938,0.0062,0.0,0.9938,2.91
2016-06-20 14:30:00+00:00,2016-06-20 14:45:00+00:00,1,1274.272,1.102,1273.171,8.649,1281.82,2.203,0.3168,234,1274.272,1280.665,3,retest,overlap,bull,10,True,0.774,0.0256,0.2004,0.9744,2.971
2016-06-21 11:30:00+00:00,2016-06-21 11:45:00+00:00,1,1269.423,0.979,1268.445,3.964,1272.409,1.958,0.2647,234,1274.234,1280.703,4,retest,london,bull,7,True,0.3307,0.0297,0.6396,0.9703,2.528
2016-07-07 18:00:00+00:00,2016-07-07 18:15:00+00:00,1,1355.563,1.154,1354.409,5.807,1360.216,2.308,0.2961,238,1355.563,1360.596,2,retest,newyork,bull,5,True,0.8185,0.0453,0.1362,0.9547,2.628
2016-07-07 20:15:00+00:00,2016-07-07 20:30:00+00:00,1,1355.563,0.933,1354.63,5.021,1359.65,1.867,0.3415,238,1355.563,1360.596,2,retest,newyork,bull,7,True,0.5588,0.1698,0.2715,0.8302,0.536
2016-07-07 20:45:00+00:00,2016-07-07 22:00:00+00:00,1,1355.563,0.961,1354.602,6.843,1361.445,1.923,0.4921,238,1355.563,1360.596,2,retest,newyork,bull,1,True,0.3463,0.0,0.6537,1.0,1.064
2016-07-08 18:45:00+00:00,2016-07-08 19:00:00+00:00,1,1355.563,1.481,1354.082,8.699,1362.781,2.962,0.3158,238,1355.563,1360.596,2,retest,newyork,bull,4,True,0.8785,0.1049,0.0166,0.8951,2.626
2016-07-12 11:45:00+00:00,2016-07-12 12:00:00+00:00,1,1346.46,0.954,1345.506,2.939,1348.446,1.908,0.2969,246,1348.86,1353.001,2,retest,london,bull,6,True,0.6606,0.111,0.2283,0.889,2.233
2016-08-02 11:00:00+00:00,2016-08-02 11:15:00+00:00,1,1353.369,0.695,1352.674,5.115,1357.789,1.39,0.2831,238,1353.369,1360.259,3,retest,london,bull,11,True,0.3655,0.0225,0.6119,0.9775,0.932
2016-08-04 07:15:00+00:00,2016-08-04 07:30:00+00:00,1,1348.86,0.745,1348.115,3.79,1351.905,1.489,0.3279,246,1348.86,1353.001,2,retest,london,bull,7,True,0.8415,0.1222,0.0363,0.8778,2.496
2016-08-10 07:30:00+00:00,2016-08-10 07:45:00+00:00,1,1347.788,0.655,1347.132,4.838,1351.97,1.311,0.295,246,1347.788,1352.405,3,retest,london,bull,11,True,0.0999,0.1879,0.7122,0.8121,1.011
2016-08-19 07:45:00+00:00,2016-08-19 08:00:00+00:00,1,1343.935,0.62,1343.316,4.153,1347.468,1.239,0.2578,248,1343.935,1348.931,2,retest,london,bull,10,True,0.2136,0.0815,0.7049,0.9185,1.491
2016-09-27 15:45:00+00:00,2016-09-27 16:00:00+00:00,1,1324.386,0.849,1323.537,3.458,1326.994,1.698,0.2621,259,1324.386,1327.255,2,retest,newyork,bull,7,True,0.4535,0.1268,0.4198,0.8732,2.568
2016-11-28 13:30:00+00:00,2016-11-28 13:45:00+00:00,-1,1195.242,1.028,1196.27,8.118,1188.151,2.056,0.2411,299,1189.03,1195.242,2,retest,overlap,bear,3,True,0.3147,0.5662,0.1191,0.1191,1.734
2016-11-28 18:30:00+00:00,2016-11-28 18:45:00+00:00,-1,1195.242,0.961,1196.203,5.572,1190.63,1.922,0.2503,299,1189.03,1195.242,2,retest,newyork,bear,4,True,0.49,0.2178,0.2922,0.2922,1.102
2016-12-09 13:30:00+00:00,2016-12-09 13:45:00+00:00,-1,1170.205,0.947,1171.151,4.038,1167.113,1.894,0.2972,303,1164.122,1168.435,2,retest,overlap,bear,6,True,0.4295,0.5312,0.0393,0.0393,3.218
2016-12-12 13:45:00+00:00,2016-12-12 14:00:00+00:00,-1,1162.781,0.898,1163.678,4.138,1159.54,1.795,0.2719,302,1155.346,1162.781,2,retest,overlap,bear,3,True,0.5075,0.2915,0.201,0.201,2.007
2016-12-12 18:30:00+00:00,2016-12-12 18:45:00+00:00,-1,1168.435,0.929,1169.364,6.555,1162.809,1.859,0.2634,303,1164.122,1168.435,2,retest,newyork,bear,1,True,0.6629,0.3008,0.0363,0.0363,1.624
2017-04-10 17:45:00+00:00,2017-04-10 18:00:00+00:00,1,1251.04,0.699,1250.341,2.528,1252.869,1.398,0.262,349,1252.364,1255.748,2,retest,newyork,bull,7,True,0.9687,0.0158,0.0154,0.9842,1.294
2017-04-21 13:00:00+00:00,2017-04-21 13:15:00+00:00,1,1280.22,0.573,1279.647,4.0,1283.647,1.146,0.2362,359,1280.22,1283.221,2,retest,overlap,bull,8,True,0.5932,0.0943,0.3125,0.9057,1.957
2017-04-21 14:30:00+00:00,2017-04-21 14:45:00+00:00,1,1279.139,0.777,1278.362,5.529,1283.891,1.554,0.2223,359,1280.22,1283.221,2,retest,overlap,bull,2,True,0.6875,0.1713,0.1411,0.8287,3.876
2017-05-31 13:30:00+00:00,2017-05-31 13:45:00+00:00,1,1262.681,0.528,1262.153,3.057,1265.21,1.055,0.2179,374,1262.681,1266.284,2,retest,overlap,bull,6,True,0.4945,0.0851,0.4204,0.9149,1.175
2017-05-31 18:30:00+00:00,2017-05-31 18:45:00+00:00,1,1268.241,0.759,1267.482,3.667,1271.149,1.518,0.2362,377,1268.6,1271.498,2,retest,newyork,bull,6,True,0.9727,0.0141,0.0132,0.9859,1.099
2017-05-31 20:30:00+00:00,2017-05-31 20:45:00+00:00,1,1268.088,0.653,1267.435,1.747,1269.181,1.307,0.2861,377,1268.6,1271.498,2,retest,newyork,bull,7,True,0.5983,0.1452,0.2565,0.8548,0.768
2017-06-01 12:30:00+00:00,2017-06-01 12:45:00+00:00,1,1261.59,0.619,1260.971,3.213,1264.184,1.238,0.2429,374,1262.681,1266.284,2,retest,overlap,bull,8,True,0.952,0.0,0.048,1.0,1.634
2017-08-09 13:15:00+00:00,2017-08-09 13:30:00+00:00,1,1268.115,0.829,1267.286,5.92,1273.206,1.658,0.2341,406,1269.825,1274.002,3,retest,overlap,bull,4,True,0.3039,0.0,0.6961,1.0,2.231
2017-08-09 16:45:00+00:00,2017-08-09 17:00:00+00:00,1,1269.825,0.757,1269.068,3.842,1272.91,1.514,0.2505,406,1269.825,1274.002,3,retest,newyork,bull,6,True,0.6395,0.0677,0.2928,0.9323,1.056
2017-09-05 20:30:00+00:00,2017-09-05 20:45:00+00:00,1,1337.369,0.875,1336.495,3.297,1339.792,1.749,0.2581,423,1337.369,1341.188,2,retest,newyork,bull,8,True,0.6771,0.2982,0.0246,0.7018,1.42
2017-09-07 13:15:00+00:00,2017-09-07 13:30:00+00:00,1,1337.369,0.972,1336.398,5.932,1342.33,1.943,0.2221,423,1337.369,1341.188,2,retest,overlap,bull,3,True,0.8073,0.0637,0.129,0.9363,1.883
2018-01-10 12:45:00+00:00,2018-01-10 13:00:00+00:00,1,1320.425,0.998,1319.426,3.188,1322.614,1.997,0.2162,470,1320.425,1323.36,2,retest,london,bull,7,True,0.0901,0.2951,0.6147,0.7049,1.598
2018-01-11 19:30:00+00:00,2018-01-11 19:45:00+00:00,1,1320.425,0.598,1319.826,3.798,1323.624,1.197,0.2191,470,1320.425,1323.36,2,retest,newyork,bull,2,True,0.8161,0.1452,0.0387,0.8548,0.906
2018-01-18 15:45:00+00:00,2018-01-18 16:00:00+00:00,1,1324.717,0.739,1323.978,5.785,1329.764,1.479,0.2149,472,1324.717,1329.168,2,retest,overlap,bull,8,True,0.2235,0.1026,0.6739,0.8974,1.15
2018-01-25 20:30:00+00:00,2018-01-25 20:45:00+00:00,1,1342.568,1.678,1340.891,6.201,1347.092,3.356,0.2402,474,1342.831,1346.009,2,retest,newyork,bull,3,True,0.3056,0.0996,0.5948,0.9004,3.344
2018-01-29 09:30:00+00:00,2018-01-29 09:45:00+00:00,1,1342.831,0.655,1342.176,4.958,1347.134,1.311,0.1987,474,1342.831,1346.009,2,retest,london,bull,3,True,0.4422,0.1573,0.4005,0.8427,1.7
2018-02-02 15:15:00+00:00,2018-02-02 15:30:00+00:00,1,1328.328,1.07,1327.258,2.762,1330.02,2.14,0.2109,475,1329.939,1336.021,4,retest,overlap,bull,4,True,0.0131,0.2603,0.7266,0.7397,2.287
2018-04-06 20:45:00+00:00,2018-04-08 22:00:00+00:00,1,1328.965,0.668,1328.297,5.028,1333.325,1.335,0.331,494,1328.965,1333.441,3,retest,newyork,bull,3,True,0.4318,0.1212,0.447,0.8788,0.66
2018-04-18 12:45:00+00:00,2018-04-18 13:00:00+00:00,1,1348.343,0.763,1347.58,5.656,1353.236,1.525,0.2199,503,1349.158,1352.39,2,retest,overlap,bull,2,True,0.8763,0.059,0.0646,0.941,1.601
2018-04-18 15:00:00+00:00,2018-04-18 15:15:00+00:00,1,1348.34,0.991,1347.349,4.308,1351.657,1.982,0.2543,503,1349.158,1352.39,2,retest,overlap,bull,4,True,0.6392,0.0619,0.2989,0.9381,1.341
2018-04-19 08:15:00+00:00,2018-04-19 08:30:00+00:00,1,1349.158,0.58,1348.578,3.7,1352.278,1.159,0.2184,503,1349.158,1352.39,2,retest,london,bull,7,True,0.2227,0.3261,0.4512,0.6739,1.275
2018-04-19 09:30:00+00:00,2018-04-19 09:45:00+00:00,1,1344.865,0.787,1344.077,4.674,1348.751,1.575,0.2138,503,1349.158,1352.39,2,retest,london,bull,3,True,0.1191,0.0303,0.8506,0.9697,1.436
2018-07-10 13:30:00+00:00,2018-07-10 13:45:00+00:00,-1,1255.8,0.676,1256.476,2.326,1254.149,1.351,0.2061,544,1250.375,1253.888,2,retest,overlap,bear,11,True,0.6301,0.3506,0.0193,0.0193,1.683
2018-07-10 16:30:00+00:00,2018-07-10 16:45:00+00:00,-1,1256.586,0.581,1257.167,1.909,1255.258,1.163,0.2402,541,1253.469,1256.586,2,retest,newyork,bear,11,True,0.5941,0.2021,0.2038,0.2038,0.9
2018-07-11 12:15:00+00:00,2018-07-11 12:30:00+00:00,-1,1253.888,0.556,1254.444,4.298,1250.146,1.113,0.2373,544,1250.375,1253.888,2,retest,overlap,bear,11,True,0.5401,0.1484,0.3115,0.3115,1.365
2018-07-26 08:45:00+00:00,2018-07-26 09:00:00+00:00,-1,1230.683,0.525,1231.209,2.964,1228.245,1.051,0.2143,551,1227.471,1230.683,3,retest,london,bear,2,True,0.693,0.1149,0.1921,0.1921,0.57
2018-07-26 13:15:00+00:00,2018-07-26 13:30:00+00:00,-1,1230.825,0.588,1231.413,3.853,1227.56,1.176,0.2227,551,1227.471,1230.683,3,retest,overlap,bear,2,True,0.148,0.7148,0.1371,0.1371,1.651
2018-07-26 14:45:00+00:00,2018-07-26 15:00:00+00:00,-1,1230.683,0.71,1231.394,4.842,1226.552,1.421,0.2281,551,1227.471,1230.683,3,retest,overlap,bear,2,True,0.7792,0.0103,0.2105,0.2105,1.166
2018-08-08 18:15:00+00:00,2018-08-08 18:30:00+00:00,-1,1216.894,0.633,1217.527,4.051,1213.476,1.267,0.2141,556,1213.044,1216.894,2,retest,newyork,bear,3,True,0.7628,0.1468,0.0904,0.0904,0.647
2018-08-09 09:30:00+00:00,2018-08-09 09:45:00+00:00,-1,1216.894,0.527,1217.421,2.784,1214.637,1.054,0.2151,556,1213.044,1216.894,2,retest,london,bear,9,True,0.0756,0.7078,0.2166,0.2166,1.018
2018-08-09 11:45:00+00:00,2018-08-09 12:00:00+00:00,-1,1217.303,0.457,1217.76,3.155,1214.605,0.914,0.2134,559,1214.772,1217.303,2,retest,london,bear,3,True,0.586,0.2419,0.1721,0.1721,0.666
2018-08-09 14:30:00+00:00,2018-08-09 14:45:00+00:00,-1,1217.303,0.554,1217.858,3.503,1214.355,1.108,0.2112,559,1214.772,1217.303,2,retest,overlap,bear,4,True,0.7365,0.0667,0.1968,0.1968,1.575
2018-08-10 15:00:00+00:00,2018-08-10 15:15:00+00:00,-1,1217.167,0.8,1217.967,3.01,1214.957,1.6,0.2013,556,1213.044,1216.894,2,retest,overlap,bear,12,True,0.9441,0.0447,0.0112,0.0112,1.566
2018-09-07 18:30:00+00:00,2018-09-07 18:45:00+00:00,-1,1197.419,0.709,1198.128,2.693,1195.435,1.418,0.2503,573,1194.712,1197.419,2,retest,newyork,bear,6,True,0.7969,0.0604,0.1428,0.1428,1.657
2018-09-10 09:30:00+00:00,2018-09-10 09:45:00+00:00,-1,1197.419,0.525,1197.944,3.249,1194.695,1.049,0.2175,573,1194.712,1197.419,2,retest,london,bear,5,True,0.8573,0.075,0.0678,0.0678,1.32
2018-09-10 13:15:00+00:00,2018-09-10 13:30:00+00:00,-1,1197.772,0.638,1198.41,1.704,1196.706,1.275,0.2189,573,1194.712,1197.419,2,retest,overlap,bear,12,True,0.7147,0.0893,0.196,0.196,0.947
2018-09-10 19:00:00+00:00,2018-09-10 19:15:00+00:00,-1,1197.419,0.481,1197.9,2.089,1195.811,0.961,0.2341,573,1194.712,1197.419,2,retest,newyork,bear,7,True,0.2673,0.6125,0.1202,0.1202,0.391
2018-09-11 14:30:00+00:00,2018-09-11 14:45:00+00:00,-1,1194.471,0.754,1195.225,4.04,1191.185,1.509,0.2283,561,1190.637,1194.471,3,retest,overlap,bear,8,True,0.8062,0.031,0.1628,0.1628,1.29
2018-09-12 08:00:00+00:00,2018-09-12 08:15:00+00:00,-1,1197.419,0.52,1197.939,2.644,1195.295,1.04,0.2016,573,1194.712,1197.419,2,retest,london,bear,5,True,0.8916,0.0964,0.012,0.012,1.245
2018-09-12 12:30:00+00:00,2018-09-12 12:45:00+00:00,-1,1197.419,0.644,1198.063,4.078,1193.985,1.288,0.2176,573,1194.712,1197.419,2,retest,overlap,bear,5,True,0.0278,0.9691,0.0031,0.0031,1.635
2018-09-14 18:00:00+00:00,2018-09-14 18:15:00+00:00,-1,1197.419,0.844,1198.263,3.729,1194.534,1.687,0.2249,573,1194.712,1197.419,2,retest,newyork,bear,6,True,0.8995,0.0003,0.1002,0.1002,1.801
2018-09-25 11:30:00+00:00,2018-09-25 11:45:00+00:00,-1,1204.129,0.422,1204.551,3.161,1201.39,0.844,0.2362,571,1200.456,1204.129,2,retest,london,bear,3,True,0.1533,0.6015,0.2452,0.2452,0.815
2018-09-26 19:00:00+00:00,2018-09-26 19:15:00+00:00,-1,1200.476,1.285,1201.761,6.126,1195.635,2.57,0.2476,562,1197.548,1200.476,3,retest,newyork,bear,3,True,0.5697,0.2276,0.2027,0.2027,4.591
2018-10-01 12:45:00+00:00,2018-10-01 13:00:00+00:00,-1,1192.15,0.646,1192.796,1.666,1191.13,1.292,0.2121,567,1186.753,1190.677,3,retest,overlap,bear,8,True,0.2726,0.4412,0.2862,0.2862,1.429
2018-10-01 16:45:00+00:00,2018-10-01 17:00:00+00:00,-1,1190.677,0.716,1191.393,2.418,1188.975,1.432,0.2167,567,1186.753,1190.677,3,retest,newyork,bear,11,True,0.5705,0.2426,0.187,0.187,1.097
2018-10-08 14:15:00+00:00,2018-10-08 14:30:00+00:00,-1,1190.677,0.878,1191.555,4.953,1186.601,1.756,0.2218,567,1186.753,1190.677,3,retest,overlap,bear,7,True,0.7596,0.1828,0.0577,0.0577,3.494
2018-10-10 18:15:00+00:00,2018-10-10 18:30:00+00:00,-1,1194.447,0.614,1195.061,3.681,1191.38,1.228,0.217,561,1189.663,1194.447,7,retest,newyork,bear,3,True,0.2959,0.5389,0.1652,0.1652,0.869
2018-11-28 18:30:00+00:00,2018-11-28 18:45:00+00:00,-1,1226.865,1.15,1228.015,5.775,1222.24,2.3,0.3127,585,1221.937,1224.312,2,retest,newyork,bear,5,True,0.6085,0.1809,0.2106,0.2106,2.137
2019-01-02 14:00:00+00:00,2019-01-02 14:15:00+00:00,1,1281.164,0.679,1280.486,4.409,1284.895,1.357,0.2823,611,1281.164,1285.172,2,retest,overlap,bull,5,True,0.5138,0.0339,0.4523,0.9661,1.032
2019-01-02 16:45:00+00:00,2019-01-02 17:00:00+00:00,1,1281.164,0.884,1280.28,5.065,1285.345,1.768,0.3023,611,1281.164,1285.172,2,retest,newyork,bull,7,True,0.7752,0.1496,0.0752,0.8504,1.795
2019-01-04 17:15:00+00:00,2019-01-04 17:30:00+00:00,1,1281.164,0.988,1280.176,5.052,1285.229,1.976,0.2865,611,1281.164,1285.172,2,retest,newyork,bull,2,True,0.0585,0.227,0.7146,0.773,1.026
2019-01-04 21:15:00+00:00,2019-01-04 21:30:00+00:00,1,1281.164,0.618,1280.547,4.66,1285.207,1.235,0.3251,611,1281.164,1285.172,2,retest,newyork,bull,4,True,0.7382,0.0773,0.1845,0.9227,0.434
2019-02-15 13:45:00+00:00,2019-02-15 14:00:00+00:00,1,1313.951,0.569,1313.383,4.152,1317.535,1.137,0.2876,627,1313.951,1317.82,3,retest,overlap,bull,11,True,0.2561,0.1952,0.5487,0.8048,1.947
2019-02-15 16:00:00+00:00,2019-02-15 16:15:00+00:00,1,1313.951,0.632,1313.319,1.996,1315.315,1.264,0.2702,627,1313.951,1317.82,3,retest,overlap,bull,7,True,0.7082,0.2293,0.0625,0.7707,1.04
2019-02-26 19:45:00+00:00,2019-02-26 20:00:00+00:00,1,1325.514,0.599,1324.915,4.49,1329.405,1.197,0.3095,624,1325.514,1328.551,2,retest,newyork,bull,1,True,0.3018,0.0878,0.6105,0.9122,1.442
2019-04-11 07:00:00+00:00,2019-04-11 07:15:00+00:00,1,1305.18,0.363,1304.817,1.838,1306.655,0.727,0.2877,643,1305.426,1307.302,2,retest,london,bull,8,True,0.019,0.019,0.9621,0.981,1.504
2019-04-11 15:45:00+00:00,2019-04-11 16:00:00+00:00,1,1293.349,0.793,1292.555,2.468,1295.024,1.586,0.2709,652,1293.486,1295.636,2,retest,newyork,bull,10,True,0.7921,0.005,0.203,0.995,1.01
2019-05-16 12:45:00+00:00,2019-05-16 13:00:00+00:00,1,1289.99,0.575,1289.415,1.688,1291.102,1.151,0.273,669,1292.157,1294.747,2,retest,overlap,bull,3,True,0.2278,0.3205,0.4516,0.6795,1.365
2019-06-13 19:30:00+00:00,2019-06-13 19:45:00+00:00,1,1337.263,0.562,1336.701,4.291,1340.992,1.124,0.2772,678,1337.263,1341.062,2,retest,newyork,bull,7,True,0.7418,0.2007,0.0575,0.7993,0.548
2019-06-14 19:00:00+00:00,2019-06-14 19:15:00+00:00,1,1337.263,0.978,1336.284,5.359,1341.643,1.956,0.2824,678,1337.263,1341.062,2,retest,newyork,bull,1,True,0.6608,0.2044,0.1348,0.7956,0.79
2019-06-14 20:00:00+00:00,2019-06-14 20:15:00+00:00,1,1337.263,0.834,1336.428,5.073,1341.501,1.669,0.3202,678,1337.263,1341.062,2,retest,newyork,bull,1,True,0.6034,0.0136,0.3831,0.9864,0.627
2019-06-17 14:30:00+00:00,2019-06-17 14:45:00+00:00,1,1337.068,0.908,1336.161,2.964,1339.125,1.816,0.278,678,1337.263,1341.062,2,retest,overlap,bull,6,True,0.9683,0.0,0.0317,1.0,1.891
2019-06-17 17:00:00+00:00,2019-06-17 17:15:00+00:00,1,1337.263,0.738,1336.525,4.154,1340.678,1.476,0.2775,678,1337.263,1341.062,2,retest,newyork,bull,4,True,0.8946,0.0112,0.0941,0.9888,1.025
2019-07-08 15:00:00+00:00,2019-07-08 15:15:00+00:00,1,1395.64,1.024,1394.616,3.834,1398.45,2.048,0.2847,689,1396.42,1404.328,2,retest,overlap,bull,11,True,0.6837,0.2132,0.103,0.7868,2.586
2019-07-10 18:45:00+00:00,2019-07-10 19:00:00+00:00,1,1408.277,1.268,1407.01,8.229,1415.238,2.535,0.2915,691,1408.277,1414.128,2,retest,newyork,bull,3,True,0.557,0.0421,0.4009,0.9579,1.58
2019-07-23 16:45:00+00:00,2019-07-23 17:00:00+00:00,1,1416.826,1.076,1415.75,3.852,1419.601,2.153,0.2931,695,1416.826,1421.409,2,retest,newyork,bull,4,True,0.6652,0.0945,0.2403,0.9055,0.937
2019-07-25 14:15:00+00:00,2019-07-25 14:30:00+00:00,1,1415.366,1.475,1413.891,5.873,1419.764,2.951,0.2953,690,1422.402,1429.158,3,retest,overlap,bull,11,True,0.7534,0.0051,0.2415,0.9949,3.256
2019-08-16 12:15:00+00:00,2019-08-16 12:30:00+00:00,1,1507.068,1.081,1505.987,6.988,1512.975,2.162,0.2999,703,1507.068,1513.027,2,retest,overlap,bull,5,True,0.5264,0.1051,0.3685,0.8949,3.22
2019-08-16 13:30:00+00:00,2019-08-16 13:45:00+00:00,1,1507.068,1.213,1505.855,8.631,1514.486,2.426,0.3038,703,1507.068,1513.027,2,retest,overlap,bull,2,True,0.3259,0.1028,0.5713,0.8972,2.792
2019-08-16 17:30:00+00:00,2019-08-16 17:45:00+00:00,1,1507.068,1.299,1505.769,8.851,1514.62,2.597,0.3016,703,1507.068,1513.027,2,retest,newyork,bull,3,True,0.596,0.1757,0.2283,0.8243,2.313
2019-08-16 20:45:00+00:00,2019-08-18 22:00:00+00:00,1,1507.068,1.016,1506.052,7.138,1513.19,2.032,0.5439,703,1507.068,1513.027,2,retest,newyork,bull,4,True,0.3244,0.2856,0.39,0.7144,2.317
2019-09-12 15:45:00+00:00,2019-09-12 16:00:00+00:00,1,1500.999,2.259,1498.74,4.519,1503.258,4.518,0.2888,703,1505.851,1512.166,4,retest,newyork,bull,3,True,0.4069,0.1797,0.4134,0.8203,2.755
2019-12-12 15:30:00+00:00,2019-12-12 15:45:00+00:00,1,1464.688,1.458,1463.23,6.85,1470.08,2.917,0.2574,730,1471.653,1477.069,5,retest,overlap,bull,10,True,0.9311,0.0024,0.0665,0.9976,4.211
2019-12-18 16:15:00+00:00,2019-12-18 16:30:00+00:00,1,1471.653,0.772,1470.881,4.848,1475.729,1.545,0.2666,730,1471.653,1477.069,5,retest,overlap,bull,3,True,0.181,0.1503,0.6686,0.8497,0.765
2019-12-18 18:30:00+00:00,2019-12-18 18:45:00+00:00,1,1470.527,0.615,1469.912,4.801,1474.714,1.23,0.243,741,1470.527,1475.275,4,retest,newyork,bull,5,True,0.1846,0.1231,0.6923,0.8769,0.65
2020-01-29 14:45:00+00:00,2020-01-29 15:00:00+00:00,1,1566.571,0.911,1565.66,6.465,1572.125,1.823,0.2903,757,1566.571,1570.082,2,retest,overlap,bull,3,True,0.8401,0.1416,0.0184,0.8584,4.274
2020-01-29 16:30:00+00:00,2020-01-29 16:45:00+00:00,1,1566.571,0.938,1565.633,5.582,1571.215,1.876,0.264,757,1566.571,1570.082,2,retest,newyork,bull,2,True,0.8294,0.0076,0.163,0.9924,1.31
2020-01-29 18:15:00+00:00,2020-01-29 18:30:00+00:00,1,1566.571,0.768,1565.803,5.488,1571.291,1.536,0.2865,757,1566.571,1570.082,2,retest,newyork,bull,3,True,0.5214,0.1312,0.3475,0.8688,1.486
2020-03-25 11:30:00+00:00,2020-03-25 11:45:00+00:00,1,1590.991,4.658,1586.333,28.939,1615.272,9.316,2.6523,769,1590.991,1618.107,2,retest,london,bull,7,True,0.0679,0.1928,0.7394,0.8072,22.425
2020-04-09 14:45:00+00:00,2020-04-09 15:00:00+00:00,1,1667.588,2.687,1664.902,18.333,1683.235,5.374,0.9562,773,1667.588,1679.352,2,retest,overlap,bull,5,True,0.5885,0.0579,0.3536,0.9421,8.81
2020-04-09 15:45:00+00:00,2020-04-09 16:00:00+00:00,1,1667.588,2.669,1664.919,19.201,1684.12,5.338,1.0024,773,1667.588,1679.352,2,retest,newyork,bull,1,True,0.5609,0.1323,0.3068,0.8677,6.703
2020-05-12 14:15:00+00:00,2020-05-12 14:30:00+00:00,1,1698.823,1.539,1697.284,9.806,1707.09,3.079,0.6609,790,1699.814,1708.564,2,retest,overlap,bull,2,True,0.6922,0.2181,0.0897,0.7819,3.736
2020-05-12 15:15:00+00:00,2020-05-12 15:30:00+00:00,1,1699.814,1.48,1698.334,11.411,1709.745,2.961,0.5211,790,1699.814,1708.564,2,retest,overlap,bull,2,True,0.2487,0.3112,0.44,0.6888,1.864
2020-05-13 13:30:00+00:00,2020-05-13 13:45:00+00:00,1,1702.633,1.657,1700.977,9.718,1710.695,3.313,0.5908,787,1704.815,1714.02,2,retest,overlap,bull,2,True,0.1128,0.1703,0.7168,0.8297,4.609
2020-05-13 16:30:00+00:00,2020-05-13 16:45:00+00:00,1,1704.815,1.603,1703.212,8.439,1711.651,3.206,0.5297,787,1704.815,1714.02,2,retest,newyork,bull,6,True,0.7138,0.081,0.2052,0.919,2.9
2020-05-13 20:45:00+00:00,2020-05-13 22:00:00+00:00,1,1708.735,1.122,1707.613,8.667,1716.28,2.245,0.7071,795,1708.735,1716.051,3,retest,newyork,bull,5,True,0.5559,0.228,0.2161,0.772,1.967
2020-05-14 12:30:00+00:00,2020-05-14 12:45:00+00:00,1,1708.735,1.195,1707.54,9.335,1716.875,2.39,0.6686,795,1708.735,1716.051,3,retest,overlap,bull,4,True,0.4395,0.1355,0.425,0.8645,3.789
2020-05-15 14:45:00+00:00,2020-05-15 15:00:00+00:00,1,1733.152,1.887,1731.265,11.695,1742.96,3.774,0.4569,788,1733.152,1742.423,3,retest,overlap,bull,9,True,0.7804,0.0104,0.2093,0.9896,4.492
2020-05-15 18:45:00+00:00,2020-05-15 19:00:00+00:00,1,1733.152,1.817,1731.335,12.64,1743.975,3.633,0.6481,788,1733.152,1742.423,3,retest,newyork,bull,2,True,0.7496,0.155,0.0954,0.845,3.023
2020-05-18 14:30:00+00:00,2020-05-18 14:45:00+00:00,1,1732.12,2.523,1729.597,13.593,1743.19,5.047,0.363,788,1733.152,1742.423,3,retest,overlap,bull,1,True,0.1419,0.0248,0.8333,0.9752,3.183
2020-05-19 15:15:00+00:00,2020-05-19 15:30:00+00:00,1,1733.152,1.853,1731.299,9.493,1740.792,3.706,0.4821,788,1733.152,1742.423,3,retest,overlap,bull,4,True,0.4431,0.2898,0.2672,0.7102,3.855
2020-05-29 13:15:00+00:00,2020-05-29 13:30:00+00:00,1,1723.943,1.314,1722.629,6.668,1729.296,2.629,0.448,798,1723.943,1730.378,2,retest,overlap,bull,4,True,0.6884,0.0631,0.2485,0.9369,2.789
2020-06-30 18:00:00+00:00,2020-06-30 18:15:00+00:00,1,1774.325,1.315,1773.01,8.326,1781.336,2.629,0.425,810,1774.325,1781.471,2,retest,newyork,bull,12,True,0.5908,0.0705,0.3387,0.9295,1.963
2020-06-30 19:30:00+00:00,2020-06-30 19:45:00+00:00,1,1774.325,1.161,1773.164,8.247,1781.412,2.322,0.4919,810,1774.325,1781.471,2,retest,newyork,bull,4,True,0.6902,0.1932,0.1166,0.8068,1.873
2020-07-01 11:15:00+00:00,2020-07-01 11:30:00+00:00,1,1774.325,1.173,1773.152,9.088,1782.24,2.346,0.4438,810,1774.325,1781.471,2,retest,london,bull,2,True,0.1169,0.0351,0.8481,0.9649,2.995
2020-07-01 12:30:00+00:00,2020-07-01 12:45:00+00:00,1,1774.325,1.578,1772.747,7.374,1780.122,3.156,0.5176,810,1774.325,1781.471,2,retest,overlap,bull,3,True,0.3168,0.1032,0.58,0.8968,3.572
2020-07-01 14:45:00+00:00,2020-07-01 15:00:00+00:00,1,1761.685,2.224,1759.461,6.465,1765.927,4.448,0.521,813,1762.758,1767.757,2,retest,overlap,bull,3,True,0.2815,0.1974,0.5211,0.8026,4.02
2020-07-01 18:30:00+00:00,2020-07-01 18:45:00+00:00,1,1762.758,1.588,1761.169,7.029,1768.198,3.176,0.4296,813,1762.758,1767.757,2,retest,newyork,bull,7,True,0.5396,0.1051,0.3553,0.8949,1.665
2020-07-06 14:30:00+00:00,2020-07-06 14:45:00+00:00,1,1774.313,1.286,1773.027,10.18,1783.207,2.573,0.4247,810,1774.313,1781.672,3,retest,overlap,bull,9,True,0.7755,0.158,0.0665,0.842,3.735
2020-07-14 13:30:00+00:00,2020-07-14 13:45:00+00:00,1,1792.448,1.691,1790.757,10.206,1800.964,3.381,0.4631,819,1792.448,1797.256,2,retest,overlap,bull,7,True,0.5487,0.2556,0.1957,0.7444,5.756
2020-07-16 18:15:00+00:00,2020-07-16 18:30:00+00:00,1,1792.448,1.141,1791.307,5.493,1796.8,2.281,0.3851,819,1792.448,1797.256,2,retest,newyork,bull,2,True,0.1309,0.031,0.8381,0.969,0.966
2020-08-19 07:15:00+00:00,2020-08-19 07:30:00+00:00,1,1977.068,2.052,1975.016,11.488,1986.503,4.104,0.4797,827,1977.068,1988.89,3,retest,london,bull,4,True,0.1811,0.0328,0.786,0.9672,5.632
2020-08-19 08:30:00+00:00,2020-08-19 08:45:00+00:00,1,1977.068,1.939,1975.129,15.285,1990.414,3.878,0.5603,827,1977.068,1988.89,3,retest,london,bull,4,True,0.8441,0.0222,0.1337,0.9778,2.928
2020-08-19 11:45:00+00:00,2020-08-19 12:00:00+00:00,1,1977.068,1.896,1975.172,10.865,1986.037,3.792,0.5025,827,1977.068,1988.89,3,retest,london,bull,5,True,0.4273,0.092,0.4807,0.908,5.055
2020-08-19 14:00:00+00:00,2020-08-19 14:15:00+00:00,1,1977.068,2.493,1974.575,14.154,1988.728,4.986,0.4962,827,1977.068,1988.89,3,retest,overlap,bull,7,True,0.4275,0.1895,0.383,0.8105,8.363
2020-09-09 16:15:00+00:00,2020-09-09 16:30:00+00:00,1,1937.952,1.802,1936.15,9.346,1945.496,3.603,0.4017,844,1937.952,1944.484,2,retest,newyork,bull,1,True,0.6671,0.0929,0.24,0.9071,1.292
2020-09-10 17:00:00+00:00,2020-09-10 17:15:00+00:00,1,1945.938,1.896,1944.042,11.513,1955.555,3.791,0.3998,837,1945.938,1953.824,3,retest,newyork,bull,1,True,0.5896,0.2,0.2104,0.8,2.567
2020-09-10 20:30:00+00:00,2020-09-10 20:45:00+00:00,1,1937.952,1.745,1936.207,9.331,1945.539,3.49,0.4961,844,1937.952,1944.484,2,retest,newyork,bull,1,True,0.5768,0.2328,0.1904,0.7672,1.725
2020-12-28 16:00:00+00:00,2020-12-28 16:15:00+00:00,1,1872.876,2.063,1870.813,11.01,1881.823,4.126,0.403,868,1872.876,1882.318,3,retest,overlap,bull,11,True,0.2116,0.3258,0.4626,0.6742,3.733
2020-12-29 09:00:00+00:00,2020-12-29 09:15:00+00:00,1,1872.876,1.18,1871.695,7.408,1879.103,2.361,0.3374,868,1872.876,1882.318,3,retest,london,bull,4,True,0.453,0.1366,0.4104,0.8634,2.745
2020-12-29 17:30:00+00:00,2020-12-29 17:45:00+00:00,1,1872.876,1.536,1871.34,8.624,1879.964,3.072,0.3417,868,1872.876,1882.318,3,retest,newyork,bull,5,True,0.2712,0.2167,0.5122,0.7833,3.0
2021-02-25 12:30:00+00:00,2021-02-25 12:45:00+00:00,-1,1795.29,1.778,1797.068,8.868,1788.2,3.556,0.4063,903,1787.076,1794.317,2,retest,london,bear,4,True,0.4291,0.4202,0.1507,0.1507,2.92
2021-02-25 13:15:00+00:00,2021-02-25 13:30:00+00:00,-1,1794.317,1.923,1796.24,12.864,1783.376,3.846,0.4015,903,1787.076,1794.317,2,retest,overlap,bear,1,True,0.2713,0.4194,0.3093,0.3093,6.31
2021-02-25 14:45:00+00:00,2021-02-25 15:00:00+00:00,-1,1790.438,2.306,1792.745,11.277,1781.468,4.613,0.3767,897,1781.004,1787.671,2,retest,overlap,bear,3,True,0.7561,0.1853,0.0586,0.0586,7.043
2021-02-25 17:15:00+00:00,2021-02-25 17:30:00+00:00,-1,1787.671,2.512,1790.183,15.903,1774.28,5.024,0.4401,897,1781.004,1787.671,2,retest,newyork,bear,9,True,0.6774,0.2216,0.101,0.101,7.95
2021-03-04 20:00:00+00:00,2021-03-04 20:15:00+00:00,-1,1710.544,2.696,1713.241,16.32,1696.92,5.392,0.3805,909,1698.748,1710.544,2,retest,newyork,bear,6,True,0.6237,0.047,0.3294,0.3294,3.62
2021-03-05 14:30:00+00:00,2021-03-05 14:45:00+00:00,-1,1710.544,2.244,1712.789,15.619,1697.17,4.488,0.3754,909,1698.748,1710.544,2,retest,overlap,bear,6,True,0.8259,0.0108,0.1632,0.1632,7.662
2021-03-05 16:15:00+00:00,2021-03-05 16:30:00+00:00,-1,1710.544,2.3,1712.845,16.828,1696.016,4.601,0.3507,909,1698.748,1710.544,2,retest,overlap,bear,2,True,0.1227,0.861,0.0163,0.0163,3.66
2021-03-10 15:15:00+00:00,2021-03-10 15:30:00+00:00,-1,1726.177,1.728,1727.905,13.37,1714.535,3.456,0.3419,911,1717.811,1726.177,2,retest,overlap,bear,1,True,0.647,0.3349,0.0181,0.0181,4.15
2021-03-10 16:30:00+00:00,2021-03-10 16:45:00+00:00,-1,1726.177,1.701,1727.878,11.253,1716.625,3.401,0.3513,911,1717.811,1726.177,2,retest,newyork,bear,2,True,0.2653,0.4081,0.3266,0.3266,1.958
2021-05-25 16:15:00+00:00,2021-05-25 16:30:00+00:00,1,1884.854,1.388,1883.466,10.283,1893.749,2.776,0.3041,935,1884.854,1892.396,3,retest,newyork,bull,9,True,0.8673,0.014,0.1186,0.986,2.246
2021-05-28 07:00:00+00:00,2021-05-28 07:15:00+00:00,1,1886.342,0.805,1885.538,5.246,1890.784,1.609,0.3388,940,1886.342,1892.744,2,retest,london,bull,6,True,0.5478,0.0618,0.3904,0.9382,2.024
2021-06-01 07:15:00+00:00,2021-06-01 07:30:00+00:00,1,1908.952,0.786,1908.166,6.008,1914.173,1.572,0.2933,939,1908.952,1914.553,2,retest,london,bull,4,True,0.8223,0.0253,0.1524,0.9747,1.444
2021-07-16 16:15:00+00:00,2021-07-16 16:30:00+00:00,1,1807.883,1.613,1806.27,10.53,1816.8,3.226,0.3755,959,1807.883,1814.448,2,retest,newyork,bull,1,True,0.8201,0.157,0.0229,0.843,2.835
2021-07-19 07:00:00+00:00,2021-07-19 07:15:00+00:00,1,1802.751,0.961,1801.79,3.513,1805.303,1.923,0.3512,959,1807.883,1814.448,2,retest,london,bull,12,True,0.6727,0.0097,0.3176,0.9903,2.577
2021-09-14 13:30:00+00:00,2021-09-14 13:45:00+00:00,-1,1800.623,1.864,1802.487,9.965,1792.522,3.728,0.3023,976,1786.6,1794.41,3,retest,overlap,bear,12,True,0.6677,0.1637,0.1686,0.1686,9.744
2021-09-14 14:45:00+00:00,2021-09-14 15:00:00+00:00,-1,1807.993,2.08,1810.073,5.695,1804.378,4.16,0.3311,960,1796.195,1803.385,4,retest,overlap,bear,5,True,0.5188,0.4735,0.0077,0.0077,3.643
2021-09-14 15:15:00+00:00,2021-09-14 15:30:00+00:00,-1,1811.241,2.016,1813.257,7.213,1806.043,4.032,0.3113,967,1804.884,1811.241,3,retest,overlap,bear,2,True,0.5736,0.3394,0.087,0.087,2.879
2021-09-28 08:00:00+00:00,2021-09-28 08:15:00+00:00,-1,1749.389,1.154,1750.543,9.18,1741.363,2.308,0.3103,985,1742.924,1749.389,3,retest,london,bear,6,True,0.6022,0.202,0.1958,0.1958,4.143
2021-09-28 13:30:00+00:00,2021-09-28 13:45:00+00:00,-1,1744.261,2.046,1746.307,13.511,1732.796,4.092,0.3187,987,1735.823,1744.261,3,retest,overlap,bear,11,True,0.9047,0.0939,0.0014,0.0014,8.517
2021-09-28 15:30:00+00:00,2021-09-28 15:45:00+00:00,-1,1744.261,2.338,1746.599,10.263,1736.336,4.676,0.2835,987,1735.823,1744.261,3,retest,newyork,bear,3,True,0.7011,0.2493,0.0496,0.0496,4.132
2021-09-29 11:00:00+00:00,2021-09-29 11:15:00+00:00,-1,1749.389,0.868,1750.257,6.814,1743.443,1.736,0.2675,985,1742.924,1749.389,3,retest,london,bear,8,True,0.8833,0.0121,0.1046,0.1046,2.185
2021-10-06 13:00:00+00:00,2021-10-06 13:15:00+00:00,-1,1764.991,1.553,1766.544,9.451,1757.093,3.106,0.3309,992,1755.752,1764.991,3,retest,overlap,bear,5,True,0.502,0.3634,0.1347,0.1347,4.307
2021-12-14 17:15:00+00:00,2021-12-14 17:30:00+00:00,-1,1780.455,1.234,1781.688,8.773,1772.915,2.467,0.3259,1017,1773.914,1780.455,3,retest,newyork,bear,4,True,0.567,0.2191,0.2139,0.2139,1.94
2021-12-15 19:15:00+00:00,2021-12-15 19:30:00+00:00,-1,1771.662,1.497,1773.158,10.113,1763.045,2.993,0.3743,1021,1764.691,1771.662,4,retest,newyork,bear,4,True,0.608,0.0788,0.3132,0.3132,4.869
2021-12-15 21:00:00+00:00,2021-12-15 21:15:00+00:00,-1,1786.55,1.931,1788.481,11.011,1777.47,3.862,0.3972,1004,1778.195,1786.55,8,retest,newyork,bear,2,True,0.2423,0.4469,0.3108,0.3108,2.264
2022-01-05 20:30:00+00:00,2022-01-05 20:45:00+00:00,1,1808.352,1.417,1806.935,3.77,1810.705,2.833,0.3499,1019,1811.928,1818.426,4,retest,newyork,bull,5,True,0.2081,0.1381,0.6538,0.8619,2.73
2022-01-24 15:30:00+00:00,2022-01-24 15:45:00+00:00,1,1826.618,1.516,1825.103,7.614,1832.717,3.031,0.3319,1033,1826.618,1833.462,4,retest,overlap,bull,3,True,0.4694,0.319,0.2116,0.681,3.15
2022-01-24 16:45:00+00:00,2022-01-24 17:00:00+00:00,1,1826.618,1.351,1825.268,9.777,1835.045,2.701,0.3274,1033,1826.618,1833.462,4,retest,newyork,bull,4,True,0.8169,0.0582,0.1249,0.9418,2.026
2022-01-25 15:15:00+00:00,2022-01-25 15:30:00+00:00,1,1839.385,1.647,1837.738,6.147,1843.885,3.293,0.3239,1035,1842.56,1849.78,2,retest,overlap,bull,2,True,0.0446,0.2288,0.7266,0.7712,3.546
2022-01-25 20:15:00+00:00,2022-01-25 20:30:00+00:00,1,1842.56,1.134,1841.426,7.656,1849.082,2.267,0.3224,1035,1842.56,1849.78,2,retest,newyork,bull,10,True,0.3005,0.006,0.6935,0.994,1.323
2022-01-26 15:45:00+00:00,2022-01-26 16:00:00+00:00,1,1826.618,1.44,1825.179,8.998,1834.177,2.879,0.3277,1033,1826.618,1833.462,4,retest,overlap,bull,4,True,0.3045,0.162,0.5335,0.838,2.315
2022-01-26 19:00:00+00:00,2022-01-26 19:15:00+00:00,1,1824.96,1.394,1823.566,8.884,1832.45,2.788,0.4301,1037,1826.788,1831.515,2,retest,newyork,bull,2,True,0.388,0.0946,0.5173,0.9054,8.273
2022-02-07 10:15:00+00:00,2022-02-07 10:30:00+00:00,1,1807.295,0.72,1806.575,5.157,1811.732,1.44,0.3323,1040,1807.295,1812.36,2,retest,london,bull,10,True,0.2786,0.0838,0.6376,0.9162,1.468
2022-02-07 14:00:00+00:00,2022-02-07 14:15:00+00:00,1,1810.947,0.964,1809.983,5.865,1815.848,1.928,0.3259,1034,1810.947,1816.188,3,retest,overlap,bull,3,True,0.8746,0.1027,0.0227,0.8973,2.113
2022-02-10 14:30:00+00:00,2022-02-10 14:45:00+00:00,1,1821.688,1.454,1820.234,11.439,1831.673,2.908,0.3275,1037,1826.788,1831.515,2,retest,overlap,bull,8,True,0.7947,0.0966,0.1087,0.9034,6.645
2022-02-10 16:30:00+00:00,2022-02-10 16:45:00+00:00,1,1830.24,1.68,1828.56,11.7,1840.26,3.36,0.317,1036,1833.135,1837.83,2,retest,newyork,bull,4,True,0.1942,0.0291,0.7767,0.9709,2.575
2022-02-11 14:30:00+00:00,2022-02-11 14:45:00+00:00,1,1824.97,1.096,1823.874,6.406,1830.28,2.192,0.3127,1037,1826.788,1831.515,2,retest,overlap,bull,6,True,0.5702,0.235,0.1948,0.765,2.608
2022-02-15 13:30:00+00:00,2022-02-15 13:45:00+00:00,1,1842.56,1.867,1840.693,10.657,1851.35,3.734,0.3511,1035,1842.56,1849.78,2,retest,overlap,bull,3,True,0.4222,0.2643,0.3135,0.7357,8.93
2022-02-15 16:00:00+00:00,2022-02-15 16:15:00+00:00,1,1842.56,1.981,1840.579,8.456,1849.035,3.962,0.3197,1035,1842.56,1849.78,2,retest,overlap,bull,4,True,0.3157,0.2177,0.4666,0.7823,3.215
2022-02-15 16:45:00+00:00,2022-02-15 17:00:00+00:00,1,1842.56,1.879,1840.681,11.879,1852.56,3.757,0.3128,1035,1842.56,1849.78,2,retest,newyork,bull,1,True,0.8376,0.0332,0.1292,0.9668,3.313
2022-03-11 12:45:00+00:00,2022-03-11 13:00:00+00:00,1,1954.895,3.438,1951.458,23.822,1975.28,6.875,0.4583,1058,1954.895,1976.799,2,retest,london,bull,4,True,0.7602,0.075,0.1647,0.925,13.73
2022-03-24 12:30:00+00:00,2022-03-24 12:45:00+00:00,1,1942.559,1.838,1940.721,7.065,1947.786,3.676,0.4179,1055,1946.214,1953.906,2,retest,overlap,bull,3,True,0.2758,0.2052,0.519,0.7948,6.576
2022-03-25 14:00:00+00:00,2022-03-25 14:15:00+00:00,1,1943.225,1.894,1941.331,10.844,1952.175,3.787,0.3665,1055,1946.214,1953.906,2,retest,overlap,bull,8,True,0.5985,0.3195,0.0821,0.6805,5.697
2022-03-25 17:45:00+00:00,2022-03-25 18:00:00+00:00,1,1946.214,1.649,1944.565,8.97,1953.535,3.298,0.3365,1055,1946.214,1953.906,2,retest,newyork,bull,10,True,0.2396,0.1536,0.6068,0.8464,2.133
2022-03-25 19:15:00+00:00,2022-03-25 19:30:00+00:00,1,1946.214,1.372,1944.842,10.502,1955.344,2.744,0.3357,1055,1946.214,1953.906,2,retest,newyork,bull,5,True,0.9164,0.0338,0.0498,0.9662,2.398
2022-06-13 07:45:00+00:00,2022-06-13 08:00:00+00:00,1,1853.873,1.287,1852.587,4.748,1857.335,2.573,0.3732,1081,1853.873,1863.749,6,retest,london,bull,3,True,0.6436,0.1962,0.1602,0.8038,1.794
2022-06-22 13:00:00+00:00,2022-06-22 13:15:00+00:00,-1,1846.786,1.587,1848.374,5.999,1842.375,3.175,0.3085,1091,1838.423,1843.934,3,retest,overlap,bear,5,True,0.702,0.0418,0.2562,0.2562,3.405
2022-06-22 13:15:00+00:00,2022-06-22 13:30:00+00:00,-1,1849.959,1.604,1851.563,10.746,1840.816,3.208,0.3123,1090,1842.944,1849.959,4,retest,overlap,bear,1,True,0.4288,0.2962,0.275,0.275,3.646
2022-06-22 14:30:00+00:00,2022-06-22 14:45:00+00:00,-1,1849.959,1.968,1851.927,10.731,1841.196,3.937,0.3331,1090,1842.944,1849.959,4,retest,overlap,bear,2,True,0.6306,0.0742,0.2952,0.2952,3.606
2022-06-22 15:30:00+00:00,2022-06-22 15:45:00+00:00,-1,1848.24,1.809,1850.05,11.066,1838.984,3.619,0.3073,1097,1840.01,1848.24,3,retest,newyork,bear,2,True,0.7145,0.1951,0.0904,0.0904,3.13
2022-07-05 12:30:00+00:00,2022-07-05 12:45:00+00:00,-1,1805.958,1.314,1807.271,6.826,1800.445,2.627,0.3745,1100,1800.839,1805.958,2,retest,overlap,bear,5,True,0.0318,0.7363,0.2319,0.2319,5.627
2022-07-12 13:30:00+00:00,2022-07-12 13:45:00+00:00,-1,1736.937,1.444,1738.381,9.684,1728.697,2.889,0.3409,1104,1730.183,1735.19,2,retest,overlap,bear,1,True,0.1912,0.687,0.1218,0.1218,3.957
2022-07-12 16:45:00+00:00,2022-07-12 17:00:00+00:00,-1,1735.19,1.236,1736.426,6.872,1729.554,2.472,0.3229,1104,1730.183,1735.19,2,retest,newyork,bear,1,True,0.3774,0.593,0.0296,0.0296,1.215
2022-07-13 11:30:00+00:00,2022-07-13 11:45:00+00:00,-1,1735.19,0.879,1736.069,6.206,1729.863,1.758,0.3355,1104,1730.183,1735.19,2,retest,london,bear,1,True,0.3748,0.3563,0.269,0.269,0.784
2022-07-21 14:00:00+00:00,2022-07-21 14:15:00+00:00,-1,1710.448,2.544,1712.992,8.297,1704.695,5.088,0.3577,1108,1703.416,1709.074,2,retest,overlap,bear,4,True,0.24,0.7239,0.0361,0.0361,5.22
2022-07-21 16:00:00+00:00,2022-07-21 16:15:00+00:00,-1,1720.304,2.31,1722.613,11.496,1711.117,4.619,0.3235,1110,1712.726,1720.304,3,retest,newyork,bear,3,True,0.8466,0.1374,0.016,0.016,2.562
2022-08-30 16:00:00+00:00,2022-08-30 16:15:00+00:00,-1,1732.599,1.224,1733.823,8.363,1725.46,2.447,0.3208,1129,1726.1,1732.599,2,retest,newyork,bear,7,True,0.3476,0.5708,0.0815,0.0815,1.864
2022-09-06 08:15:00+00:00,2022-09-06 08:30:00+00:00,-1,1720.826,0.973,1721.799,7.294,1714.505,1.947,0.2996,1135,1714.238,1719.634,2,retest,london,bear,4,True,0.9496,0.0079,0.0425,0.0425,1.519
2022-09-06 14:45:00+00:00,2022-09-06 15:00:00+00:00,-1,1711.868,1.538,1713.406,9.711,1703.695,3.077,0.3147,1136,1706.088,1710.77,2,retest,overlap,bear,3,True,0.9464,0.0007,0.0529,0.0529,4.451
2022-09-22 14:30:00+00:00,2022-09-22 14:45:00+00:00,-1,1684.947,2.26,1687.206,15.041,1672.165,4.52,0.3152,1143,1677.4,1682.5,2,retest,overlap,bear,4,True,0.9617,0.0106,0.0276,0.0276,5.967
2022-09-23 10:15:00+00:00,2022-09-23 10:30:00+00:00,-1,1665.056,1.35,1666.406,10.571,1655.835,2.7,0.3235,1144,1657.828,1661.906,2,retest,london,bear,2,True,0.3614,0.6278,0.0108,0.0108,2.546
2022-09-23 13:15:00+00:00,2022-09-23 13:30:00+00:00,-1,1657.961,2.134,1660.095,7.46,1652.635,4.267,0.3405,1142,1651.385,1656.726,2,retest,overlap,bear,10,True,0.7594,0.123,0.1175,0.1175,4.723
2022-09-29 12:30:00+00:00,2022-09-29 12:45:00+00:00,-1,1656.726,1.628,1658.353,8.021,1650.332,3.256,0.3311,1142,1651.385,1656.726,2,retest,overlap,bear,2,True,0.6769,0.0177,0.3054,0.3054,8.123
2022-09-29 14:00:00+00:00,2022-09-29 14:15:00+00:00,-1,1658.228,1.869,1660.097,7.202,1652.895,3.738,0.3034,1142,1651.385,1656.726,2,retest,overlap,bear,2,True,0.1464,0.6484,0.2052,0.2052,3.38
2023-01-11 08:30:00+00:00,2023-01-11 08:45:00+00:00,1,1878.77,0.958,1877.812,5.435,1883.246,1.917,0.3523,1191,1878.77,1883.659,2,retest,london,bull,12,True,0.5763,0.3234,0.1003,0.6766,1.495
2023-01-11 10:15:00+00:00,2023-01-11 10:30:00+00:00,1,1878.77,0.972,1877.798,6.497,1884.295,1.945,0.3399,1191,1878.77,1883.659,2,retest,london,bull,6,True,0.0316,0.2483,0.7201,0.7517,1.47
2023-01-11 13:00:00+00:00,2023-01-11 13:15:00+00:00,1,1875.803,1.068,1874.735,4.463,1879.198,2.136,0.3846,1191,1878.77,1883.659,2,retest,overlap,bull,9,True,0.6785,0.0241,0.2974,0.9759,2.909
2023-01-12 10:30:00+00:00,2023-01-12 10:45:00+00:00,1,1878.77,0.753,1878.018,5.589,1883.607,1.506,0.338,1191,1878.77,1883.659,2,retest,london,bull,4,True,0.1544,0.2808,0.5648,0.7192,1.467
2023-01-20 09:15:00+00:00,2023-01-20 09:30:00+00:00,1,1923.692,1.312,1922.38,9.265,1931.645,2.623,0.3483,1196,1923.692,1931.34,2,retest,london,bull,6,True,0.7226,0.2276,0.0499,0.7724,4.41
2023-01-23 21:00:00+00:00,2023-01-23 21:15:00+00:00,1,1923.692,1.177,1922.514,8.887,1931.401,2.355,0.3413,1196,1923.692,1931.34,2,retest,newyork,bull,2,True,0.2228,0.0103,0.7669,0.9897,0.822
2023-01-24 09:45:00+00:00,2023-01-24 10:00:00+00:00,1,1933.218,0.938,1932.28,3.95,1936.23,1.877,0.3397,1200,1933.218,1939.992,2,retest,london,bull,9,True,0.6632,0.0758,0.261,0.9242,1.629
2023-01-25 10:15:00+00:00,2023-01-25 10:30:00+00:00,1,1922.775,1.24,1921.535,4.405,1925.94,2.481,0.3415,1196,1923.692,1931.34,2,retest,london,bull,8,True,0.6227,0.0291,0.3482,0.9709,3.26
2023-01-25 15:30:00+00:00,2023-01-25 15:45:00+00:00,1,1919.871,1.705,1918.166,13.369,1931.535,3.411,0.3187,1196,1923.692,1931.34,2,retest,overlap,bull,2,True,0.1047,0.171,0.7243,0.829,3.041
2023-01-26 09:45:00+00:00,2023-01-26 10:00:00+00:00,1,1933.102,1.267,1931.835,5.055,1936.89,2.533,0.3325,1200,1933.102,1942.22,3,retest,london,bull,8,True,0.3618,0.0839,0.5543,0.9161,3.22
2023-01-26 19:30:00+00:00,2023-01-26 19:45:00+00:00,1,1923.692,1.538,1922.154,8.598,1930.751,3.077,0.3355,1196,1923.692,1931.34,2,retest,newyork,bull,4,True,0.6647,0.2412,0.0941,0.7588,0.85
2023-01-27 15:00:00+00:00,2023-01-27 15:15:00+00:00,1,1921.894,1.607,1920.287,6.898,1927.185,3.214,0.351,1196,1923.692,1931.34,2,retest,overlap,bull,12,True,0.52,0.2944,0.1856,0.7056,6.675
2023-01-27 17:30:00+00:00,2023-01-27 17:45:00+00:00,1,1916.718,1.798,1914.921,14.268,1929.189,3.595,0.3598,1196,1923.692,1931.34,2,retest,newyork,bull,4,True,0.729,0.2378,0.0333,0.7622,4.402
2023-01-27 21:30:00+00:00,2023-01-27 21:45:00+00:00,1,1923.692,1.074,1922.618,6.107,1928.725,2.147,0.5608,1196,1923.692,1931.34,2,retest,newyork,bull,10,True,0.6727,0.1855,0.1417,0.8145,2.056
2023-03-21 19:00:00+00:00,2023-03-21 19:15:00+00:00,1,1930.499,1.866,1928.633,9.23,1937.863,3.732,0.3489,1224,1930.499,1940.506,2,retest,newyork,bull,5,True,0.4941,0.2231,0.2827,0.7769,2.264
2023-04-12 14:00:00+00:00,2023-04-12 14:15:00+00:00,1,2001.38,2.364,1999.017,11.278,2010.295,4.728,0.3669,1226,2005.29,2012.061,2,retest,overlap,bull,6,True,0.3894,0.1105,0.5001,0.8895,6.11
2023-04-13 15:00:00+00:00,2023-04-13 15:15:00+00:00,1,2025.936,1.984,2023.952,13.373,2037.325,3.968,0.3399,1235,2025.936,2034.536,2,retest,overlap,bull,10,True,0.6624,0.3085,0.0291,0.6915,4.635
2023-04-14 11:45:00+00:00,2023-04-14 12:00:00+00:00,1,2025.936,1.256,2024.679,8.701,2033.38,2.513,0.3756,1235,2025.936,2034.536,2,retest,london,bull,12,True,0.2149,0.3065,0.4786,0.6935,1.298
2023-04-14 12:45:00+00:00,2023-04-14 13:00:00+00:00,1,2017.341,2.006,2015.335,9.435,2024.77,4.012,0.3721,1235,2025.936,2034.536,2,retest,overlap,bull,2,True,0.1914,0.1218,0.6868,0.8782,8.459
2023-04-17 08:45:00+00:00,2023-04-17 09:00:00+00:00,1,2005.29,1.228,2004.062,5.888,2009.95,2.455,0.3277,1226,2005.29,2012.061,2,retest,london,bull,3,True,0.4682,0.3189,0.2129,0.6811,2.09
2023-04-18 18:00:00+00:00,2023-04-18 18:15:00+00:00,1,1999.826,1.24,1998.586,5.964,2004.55,2.48,0.3275,1229,1999.826,2006.586,2,retest,newyork,bull,5,True,0.2703,0.2203,0.5094,0.7797,1.43
2023-04-20 17:45:00+00:00,2023-04-20 18:00:00+00:00,1,1999.826,1.496,1998.33,8.389,2006.72,2.993,0.3473,1229,1999.826,2006.586,2,retest,newyork,bull,3,True,0.7353,0.2358,0.0289,0.7642,1.556
2023-05-10 13:30:00+00:00,2023-05-10 13:45:00+00:00,1,2025.119,1.988,2023.13,12.984,2036.115,3.977,0.3068,1235,2025.898,2034.574,3,retest,overlap,bull,4,True,0.3647,0.3103,0.325,0.6897,5.909
2023-05-11 14:00:00+00:00,2023-05-11 14:15:00+00:00,1,2011.185,2.374,2008.81,6.323,2015.133,4.748,0.3731,1235,2025.898,2034.574,3,retest,overlap,bull,11,True,0.6103,0.3162,0.0735,0.6838,3.736
2023-07-20 16:15:00+00:00,2023-07-20 16:30:00+00:00,1,1962.18,1.486,1960.694,6.926,1967.62,2.973,0.3264,1251,1962.18,1969.618,4,retest,newyork,bull,6,True,0.23,0.0114,0.7586,0.9886,2.189
2023-07-21 08:15:00+00:00,2023-07-21 08:30:00+00:00,1,1961.665,0.811,1960.854,2.961,1963.815,1.621,0.325,1251,1962.18,1969.618,4,retest,london,bull,9,True,0.083,0.1699,0.7471,0.8301,2.59
2023-07-21 14:15:00+00:00,2023-07-21 14:30:00+00:00,1,1955.244,1.316,1953.928,6.942,1960.87,2.633,0.3311,1253,1955.244,1961.952,5,retest,overlap,bull,3,True,0.3962,0.1618,0.4421,0.8382,3.311
2023-07-21 15:00:00+00:00,2023-07-21 15:15:00+00:00,1,1955.244,1.474,1953.77,7.115,1960.885,2.948,0.3232,1253,1955.244,1961.952,5,retest,overlap,bull,2,True,0.2557,0.0012,0.7431,0.9988,4.028
2023-07-21 16:15:00+00:00,2023-07-21 16:30:00+00:00,1,1955.244,1.323,1953.921,8.375,1962.296,2.646,0.3268,1253,1955.244,1961.952,5,retest,newyork,bull,3,True,0.9212,0.0788,0.0,0.9212,1.523
2023-07-25 13:15:00+00:00,2023-07-25 13:30:00+00:00,1,1949.432,1.214,1948.218,9.555,1957.774,2.428,0.3377,1249,1949.432,1958.211,8,retest,overlap,bull,6,True,0.6233,0.2556,0.1211,0.7444,1.61
2023-07-25 14:00:00+00:00,2023-07-25 14:15:00+00:00,1,1949.432,1.485,1947.947,11.873,1959.82,2.969,0.3479,1249,1949.432,1958.211,8,retest,overlap,bull,2,True,0.3721,0.0388,0.5891,0.9612,8.109
2023-07-25 17:15:00+00:00,2023-07-25 17:30:00+00:00,1,1955.244,1.2,1954.044,8.519,1962.563,2.4,0.3079,1253,1955.244,1961.952,5,retest,newyork,bull,9,True,0.2805,0.0457,0.6738,0.9543,1.313
2023-07-26 17:15:00+00:00,2023-07-26 17:30:00+00:00,1,1962.143,0.993,1961.15,7.789,1968.939,1.987,0.3376,1251,1962.143,1969.655,5,retest,newyork,bull,9,True,0.7509,0.1168,0.1322,0.8832,1.07
2023-10-30 13:45:00+00:00,2023-10-30 14:00:00+00:00,1,1991.201,1.351,1989.849,8.759,1998.608,2.703,0.327,1317,1991.201,1999.651,2,retest,overlap,bull,3,True,0.1943,0.284,0.5217,0.716,3.492
2023-10-30 14:45:00+00:00,2023-10-30 15:00:00+00:00,1,1991.201,1.607,1989.594,7.533,1997.126,3.214,0.3973,1317,1991.201,1999.651,2,retest,overlap,bull,3,True,0.3787,0.3287,0.2926,0.6713,3.661
2023-10-30 16:15:00+00:00,2023-10-30 16:30:00+00:00,1,1991.201,1.395,1989.805,9.843,1999.648,2.791,0.3113,1317,1991.201,1999.651,2,retest,overlap,bull,4,True,0.19,0.0777,0.7323,0.9223,2.123
2023-10-31 13:00:00+00:00,2023-10-31 13:15:00+00:00,1,1991.201,1.005,1990.196,7.345,1997.541,2.009,0.3437,1317,1991.201,1999.651,2,retest,overlap,bull,9,True,0.5851,0.1246,0.2903,0.8754,3.318
2023-10-31 15:15:00+00:00,2023-10-31 15:30:00+00:00,1,1991.201,1.621,1989.58,7.055,1996.635,3.242,0.3227,1317,1991.201,1999.651,2,retest,overlap,bull,6,True,0.2087,0.0621,0.7292,0.9379,3.785
2023-11-27 16:45:00+00:00,2023-11-27 17:00:00+00:00,1,2004.497,1.299,2003.198,7.649,2010.847,2.598,0.3241,1323,2004.497,2011.525,4,retest,newyork,bull,10,True,0.8459,0.1148,0.0393,0.8852,3.69
2023-12-14 09:00:00+00:00,2023-12-14 09:15:00+00:00,1,2029.335,1.514,2027.821,10.42,2038.242,3.027,0.3225,1339,2030.385,2038.975,2,retest,london,bull,3,True,0.5885,0.1948,0.2167,0.8052,2.815
2023-12-14 16:30:00+00:00,2023-12-14 16:45:00+00:00,1,2030.385,1.89,2028.495,11.888,2040.383,3.78,0.3278,1339,2030.385,2038.975,2,retest,newyork,bull,8,True,0.5508,0.1013,0.3479,0.8987,2.63
2023-12-15 16:00:00+00:00,2023-12-15 16:15:00+00:00,1,2024.909,1.697,2023.212,12.053,2035.265,3.393,0.3293,1340,2024.909,2034.203,2,retest,overlap,bull,4,True,0.0278,0.1906,0.7816,0.8094,2.335
2023-12-15 19:45:00+00:00,2023-12-15 20:00:00+00:00,1,2015.67,1.576,2014.094,5.111,2019.205,3.151,0.3191,1340,2024.909,2034.203,2,retest,newyork,bull,10,True,0.8957,0.0783,0.0261,0.9217,2.3
2024-02-07 15:30:00+00:00,2024-02-07 15:45:00+00:00,1,2031.968,1.377,2030.591,10.089,2040.68,2.754,0.3318,1342,2031.968,2042.187,9,retest,overlap,bull,3,True,0.4214,0.1575,0.4211,0.8425,3.895
2024-02-27 16:15:00+00:00,2024-02-27 16:30:00+00:00,1,2030.757,0.918,2029.839,4.178,2034.016,1.836,0.3237,1354,2030.757,2036.255,4,retest,overlap,bull,8,True,0.588,0.0616,0.3504,0.9384,2.273
2024-03-19 10:45:00+00:00,2024-03-19 11:00:00+00:00,1,2148.516,1.119,2147.397,6.788,2154.185,2.239,0.3356,1374,2148.516,2154.968,2,retest,london,bull,3,True,0.2506,0.1998,0.5496,0.8002,1.477
2024-03-19 11:30:00+00:00,2024-03-19 11:45:00+00:00,1,2148.516,1.044,2147.472,8.22,2155.691,2.089,0.3105,1374,2148.516,2154.968,2,retest,london,bull,1,True,0.4798,0.0911,0.4291,0.9089,1.41
2024-03-19 14:00:00+00:00,2024-03-19 14:15:00+00:00,1,2148.445,1.419,2147.026,4.869,2151.895,2.838,0.3307,1374,2148.516,2154.968,2,retest,overlap,bull,6,True,0.1268,0.2141,0.6591,0.7859,4.39
2024-03-19 16:45:00+00:00,2024-03-19 17:00:00+00:00,1,2148.516,1.246,2147.27,7.315,2154.585,2.492,0.3291,1374,2148.516,2154.968,2,retest,newyork,bull,2,True,0.8004,0.0209,0.1787,0.9791,1.195
2024-03-19 17:15:00+00:00,2024-03-19 17:30:00+00:00,1,2148.516,1.239,2147.276,9.224,2156.5,2.479,0.3336,1374,2148.516,2154.968,2,retest,newyork,bull,1,True,0.3377,0.0855,0.5768,0.9145,2.28
2024-03-20 18:15:00+00:00,2024-03-20 18:30:00+00:00,1,2156.444,1.798,2154.646,14.344,2168.99,3.597,0.354,1371,2161.755,2166.703,2,retest,newyork,bull,1,True,0.1903,0.0119,0.7978,0.9881,5.045
2024-07-04 07:15:00+00:00,2024-07-04 07:30:00+00:00,1,2349.062,1.116,2347.946,8.128,2356.073,2.232,0.3866,1405,2349.062,2356.395,2,retest,london,bull,7,True,0.8096,0.0724,0.118,0.9276,2.597
2024-07-08 17:30:00+00:00,2024-07-08 17:45:00+00:00,1,2346.669,1.919,2344.75,14.16,2358.91,3.838,0.3978,1422,2346.669,2356.67,3,retest,newyork,bull,4,True,0.7516,0.1951,0.0533,0.8049,3.698
2024-08-08 15:30:00+00:00,2024-08-08 15:45:00+00:00,1,2403.054,2.625,2400.429,17.721,2418.15,5.25,0.3999,1428,2403.054,2422.369,4,retest,newyork,bull,5,True,0.6404,0.1317,0.228,0.8683,4.599
2024-08-12 11:45:00+00:00,2024-08-12 12:00:00+00:00,1,2434.053,1.118,2432.936,8.713,2441.649,2.236,0.4045,1430,2434.053,2442.863,2,retest,london,bull,5,True,0.5156,0.0938,0.3906,0.9062,1.78
2024-08-14 16:45:00+00:00,2024-08-14 17:00:00+00:00,1,2434.053,2.412,2431.642,12.642,2444.284,4.823,0.3743,1430,2434.053,2442.863,2,retest,newyork,bull,1,True,0.5226,0.3114,0.166,0.6886,2.59
2024-08-15 13:45:00+00:00,2024-08-15 14:00:00+00:00,1,2432.235,2.925,2429.31,15.2,2444.51,5.849,0.3933,1430,2434.053,2442.863,2,retest,overlap,bull,2,True,0.0825,0.0682,0.8493,0.9318,8.948
2024-08-16 14:30:00+00:00,2024-08-16 14:45:00+00:00,1,2472.846,3.048,2469.799,14.876,2484.675,6.096,0.3932,1431,2473.991,2486.77,4,retest,overlap,bull,7,True,0.4421,0.2026,0.3554,0.7974,7.035
2024-08-16 15:00:00+00:00,2024-08-16 15:15:00+00:00,1,2473.991,3.014,2470.977,18.933,2489.91,6.029,0.367,1431,2473.991,2486.77,4,retest,overlap,bull,1,True,0.59,0.1816,0.2284,0.8184,4.562
2024-08-22 14:15:00+00:00,2024-08-22 14:30:00+00:00,1,2470.833,2.633,2468.201,9.714,2477.915,5.266,0.3632,1447,2490.795,2500.56,2,retest,overlap,bull,7,True,0.2875,0.1109,0.6016,0.8891,7.965
2024-08-23 10:30:00+00:00,2024-08-23 10:45:00+00:00,1,2490.795,1.17,2489.625,8.745,2498.37,2.339,0.3841,1447,2490.795,2500.56,2,retest,london,bull,5,True,0.7961,0.0,0.2039,1.0,2.665
2024-08-23 13:45:00+00:00,2024-08-23 14:00:00+00:00,1,2490.795,1.438,2489.357,9.293,2498.65,2.875,0.4283,1447,2490.795,2500.56,2,retest,overlap,bull,8,True,0.4079,0.073,0.5191,0.927,4.45
2024-09-30 08:00:00+00:00,2024-09-30 08:15:00+00:00,1,2646.736,1.543,2645.192,8.238,2653.43,3.087,0.3716,1462,2646.736,2657.976,2,retest,london,bull,10,True,0.6667,0.2547,0.0786,0.7453,3.71
2024-10-01 15:00:00+00:00,2024-10-01 15:15:00+00:00,1,2646.736,2.571,2644.165,16.395,2660.56,5.142,0.3815,1462,2646.736,2657.976,2,retest,overlap,bull,6,True,0.2002,0.0679,0.7319,0.9321,7.069
2024-10-02 14:30:00+00:00,2024-10-02 14:45:00+00:00,1,2646.736,2.165,2644.571,11.634,2656.205,4.33,0.4153,1462,2646.736,2657.976,2,retest,overlap,bull,5,True,0.4906,0.136,0.3733,0.864,3.26
2024-10-03 10:15:00+00:00,2024-10-03 10:30:00+00:00,1,2638.192,1.408,2636.785,10.105,2646.89,2.816,0.3775,1464,2638.192,2646.224,2,retest,london,bull,3,True,0.8684,0.0,0.1316,1.0,2.101
2024-10-03 13:00:00+00:00,2024-10-03 13:15:00+00:00,1,2638.192,1.82,2636.372,9.653,2646.025,3.64,0.3818,1464,2638.192,2646.224,2,retest,overlap,bull,6,True,0.7862,0.0496,0.1642,0.9504,4.599
2024-10-03 14:00:00+00:00,2024-10-03 14:15:00+00:00,1,2637.445,2.368,2635.077,16.198,2651.275,4.735,0.4463,1464,2638.192,2646.224,2,retest,overlap,bull,3,True,0.2223,0.1906,0.5871,0.8094,17.087
2024-10-03 16:45:00+00:00,2024-10-03 17:00:00+00:00,1,2646.736,2.425,2644.31,15.783,2660.093,4.85,0.3986,1462,2646.736,2657.976,2,retest,newyork,bull,1,True,0.2211,0.0538,0.725,0.9462,4.922
2024-10-03 19:00:00+00:00,2024-10-03 19:15:00+00:00,1,2646.736,1.799,2644.937,13.508,2658.445,3.598,0.3771,1462,2646.736,2657.976,2,retest,newyork,bull,4,True,0.5584,0.0789,0.3627,0.9211,1.54
