signal_ts,entry_ts,direction,stop,ref_close,atr15,zone_id,zone_lo,zone_hi,setup,session
2021-09-28 08:00:00+00:00,2021-09-28 08:15:00+00:00,-1,1750.5431025850226,1741.3629999999998,2.3076717731420775,24,1742.9242333015482,1749.3892666984516,retest,london
2021-09-28 09:15:00+00:00,2021-09-28 09:30:00+00:00,-1,1750.5052610708349,1742.4099999999999,2.2319887447663613,24,1742.9242333015482,1749.3892666984516,retest,london
2021-09-28 13:30:00+00:00,2021-09-28 13:45:00+00:00,-1,1746.3073085567175,1732.7965,4.092181811419352,26,1735.823282348992,1744.2612176510079,retest,overlap
2021-09-28 14:00:00+00:00,2021-09-28 14:15:00+00:00,-1,1746.4289809829718,1732.409,4.335526663927901,26,1735.823282348992,1744.2612176510079,retest,overlap
2021-09-28 15:30:00+00:00,2021-09-28 15:45:00+00:00,-1,1746.5991009043178,1736.3365,4.675766506619673,26,1735.823282348992,1744.2612176510079,retest,newyork
2021-09-29 11:00:00+00:00,2021-09-29 11:15:00+00:00,-1,1750.2573686755463,1743.4434999999999,1.7362039541894554,24,1742.9242333015482,1749.3892666984516,retest,london
2021-09-30 13:30:00+00:00,2021-09-30 13:45:00+00:00,-1,1745.7992840061672,1738.525,3.0761327103189067,26,1735.823282348992,1744.2612176510079,retest,overlap
2021-09-30 15:30:00+00:00,2021-09-30 15:45:00+00:00,-1,1766.2743047040274,1759.864,4.0206094080543,24,1742.9242333015482,1749.3892666984516,retest,newyork
2021-10-06 13:00:00+00:00,2021-10-06 13:15:00+00:00,-1,1766.5442519884818,1757.0929999999998,3.105901845733201,31,1755.7516989343849,1764.9913010656153,retest,overlap
2021-10-15 09:45:00+00:00,2021-10-15 10:00:00+00:00,1,1778.5208365630053,1783.78,1.8260983389168788,28,1779.4338857324638,1783.7866142675362,retest,london
2021-10-15 13:15:00+00:00,2021-10-15 13:30:00+00:00,1,1761.0984750385467,1769.277,2.9542811753644367,25,1762.575615626229,1772.3118843737711,retest,overlap
2021-10-22 16:00:00+00:00,2021-10-22 16:15:00+00:00,1,1777.4088461363153,1788.7635,4.40695916769734,28,1779.612325720164,1786.969674279836,retest,newyork
2021-10-26 14:15:00+00:00,2021-10-26 14:30:00+00:00,1,1777.9939727413007,1785.703,3.236705957726857,28,1779.612325720164,1786.969674279836,retest,overlap
2021-10-26 15:30:00+00:00,2021-10-26 15:45:00+00:00,1,1778.0900077488925,1790.145,3.044635942543063,28,1779.612325720164,1786.969674279836,retest,newyork
2021-10-27 09:30:00+00:00,2021-10-27 09:45:00+00:00,1,1779.6304255853054,1787.1599999999999,1.9835634501175008,43,1780.622207310364,1784.7467926896359,retest,london
2021-10-27 14:15:00+00:00,2021-10-27 14:30:00+00:00,1,1778.0430549831901,1788.42,3.1385414739477304,28,1779.612325720164,1786.969674279836,retest,overlap
2021-12-06 11:30:00+00:00,2021-12-06 11:45:00+00:00,-1,1788.2993454370676,1780.7849999999999,1.8855254008036222,43,1778.958417263334,1787.3565827366658,retest,london
2021-12-07 14:15:00+00:00,2021-12-07 14:30:00+00:00,-1,1788.6168328140238,1778.93,2.520500154715991,43,1778.958417263334,1787.3565827366658,retest,overlap
2021-12-09 14:30:00+00:00,2021-12-09 14:45:00+00:00,-1,1788.2313658735875,1777.2350000000001,2.9002787427535295,43,1777.9637734977891,1786.7812265022108,retest,overlap
2021-12-09 16:00:00+00:00,2021-12-09 16:15:00+00:00,-1,1788.2290608439637,1779.275,2.895668683506024,43,1777.9637734977891,1786.7812265022108,retest,overlap
2021-12-14 17:15:00+00:00,2021-12-14 17:30:00+00:00,-1,1781.6881600094441,1772.915,2.4673028780478075,56,1773.9139914295797,1780.45450857042,retest,newyork
2021-12-15 19:15:00+00:00,2021-12-15 19:30:00+00:00,-1,1773.1584921452632,1763.045,2.9930798014036566,60,1764.690547755439,1771.6619522445612,retest,newyork
2021-12-15 20:30:00+00:00,2021-12-15 20:45:00+00:00,-1,1788.5560216393076,1777.7485000000001,4.0125373425183115,43,1778.1952470319516,1786.5497529680483,retest,newyork
2021-12-15 21:00:00+00:00,2021-12-15 21:15:00+00:00,-1,1788.4808698325523,1777.47,3.862233729008145,43,1778.1952470319516,1786.5497529680483,retest,newyork
2021-12-28 14:30:00+00:00,2021-12-28 14:45:00+00:00,1,1809.0319316579933,1815.3029999999999,2.2181366840135612,58,1812.1747294921804,1816.9647705078196,retest,overlap
2021-12-29 11:30:00+00:00,2021-12-29 11:45:00+00:00,1,1791.3765229284977,1795.9035,1.5077569474993608,36,1792.1304014022473,1802.0305985977527,retest,london
2022-01-05 19:15:00+00:00,2022-01-05 19:30:00+00:00,1,1810.6363577395873,1819.5549999999998,2.584179971087747,58,1811.9284477251313,1818.4260522748689,retest,newyork
2022-01-24 16:45:00+00:00,2022-01-24 17:00:00+00:00,1,1825.2671515112377,1835.045,2.7020495485390748,72,1826.6181762855072,1833.4618237144928,retest,newyork
2022-01-25 15:15:00+00:00,2022-01-25 15:30:00+00:00,1,1837.7383337971455,1843.885,3.2933324057088407,74,1842.5587753285213,1849.7812246714789,retest,overlap
2022-01-25 20:15:00+00:00,2022-01-25 20:30:00+00:00,1,1841.4250666719702,1849.0819999999999,2.2674173131021185,74,1842.5587753285213,1849.7812246714789,retest,newyork
2022-01-26 14:45:00+00:00,2022-01-26 15:00:00+00:00,1,1825.17050827467,1836.1370000000002,2.8953360216742983,72,1826.6181762855072,1833.4618237144928,retest,overlap
2022-01-26 15:45:00+00:00,2022-01-26 16:00:00+00:00,1,1825.178595770682,1834.1770000000001,2.879161029650115,72,1826.6181762855072,1833.4618237144928,retest,overlap
2022-01-26 18:30:00+00:00,2022-01-26 18:45:00+00:00,1,1825.6123853513573,1831.723,2.349026335967151,76,1826.7868985193409,1831.516101480659,retest,newyork
2022-02-07 14:00:00+00:00,2022-02-07 14:15:00+00:00,1,1809.9827848438151,1815.848,1.928427199175758,73,1810.9469984434031,1816.1880015565969,retest,overlap
2022-02-10 14:30:00+00:00,2022-02-10 14:45:00+00:00,1,1820.2339513805969,1831.6729999999998,2.90809723880663,76,1826.7868985193409,1831.516101480659,retest,overlap
2022-02-10 16:30:00+00:00,2022-02-10 16:45:00+00:00,1,1828.5598852328421,1840.26,3.360229534315537,75,1833.1340959715756,1837.8309040284246,retest,newyork
2022-02-10 21:30:00+00:00,2022-02-10 21:45:00+00:00,1,1824.5256811394966,1826.9470000000001,2.338637721007253,72,1826.6181762855072,1833.4618237144928,retest,newyork
2022-02-11 14:30:00+00:00,2022-02-11 14:45:00+00:00,1,1823.874099528085,1830.28,2.1918009438298123,76,1826.7868985193409,1831.516101480659,retest,overlap
2022-02-15 13:30:00+00:00,2022-02-15 13:45:00+00:00,1,1840.6917219154634,1851.35,3.7341068261157018,74,1842.5587753285213,1849.7812246714789,retest,overlap
2022-02-15 15:00:00+00:00,2022-02-15 15:15:00+00:00,1,1840.4432110830448,1852.6464999999998,4.231128490953022,74,1842.5587753285213,1849.7812246714789,retest,overlap
2022-02-15 16:00:00+00:00,2022-02-15 16:15:00+00:00,1,1840.57789041299,1849.0349999999999,3.96176983106283,74,1842.5587753285213,1849.7812246714789,retest,overlap
2022-02-15 16:45:00+00:00,2022-02-15 17:00:00+00:00,1,1840.6802067573033,1852.56,3.7571371424362265,74,1842.5587753285213,1849.7812246714789,retest,newyork
2022-02-28 17:15:00+00:00,2022-02-28 17:30:00+00:00,1,1875.719616612375,1894.5275,4.974752795742554,88,1878.2069930102462,1896.1980069897538,retest,newyork
2022-03-11 12:45:00+00:00,2022-03-11 13:00:00+00:00,1,1951.457579217091,1975.28,6.87501522218093,97,1954.8950868281815,1976.7994131718185,retest,london
2022-03-24 12:30:00+00:00,2022-03-24 12:45:00+00:00,1,1940.7212741614007,1947.786,3.676451677198299,94,1946.2142666415134,1953.9057333584865,retest,overlap
2022-03-25 14:00:00+00:00,2022-03-25 14:15:00+00:00,1,1941.331337106666,1952.175,3.7873257866674748,94,1946.2142666415134,1953.9057333584865,retest,overlap
2022-03-25 17:45:00+00:00,2022-03-25 18:00:00+00:00,1,1944.565128040381,1953.5349999999999,3.2982772022645777,94,1946.2142666415134,1953.9057333584865,retest,newyork
2022-03-25 19:15:00+00:00,2022-03-25 19:30:00+00:00,1,1944.8421995482765,1955.344,2.7441341864738353,94,1946.2142666415134,1953.9057333584865,retest,newyork
2022-05-06 15:30:00+00:00,2022-05-06 15:45:00+00:00,-1,1899.753071824547,1887.1374999999998,4.251529262977138,88,1880.4401928069417,1897.6273071930584,retest,newyork
2022-05-09 12:30:00+00:00,2022-05-09 12:45:00+00:00,-1,1876.8272678730505,1866.165,3.3412637978158837,113,1863.1648640258575,1875.1566359741425,retest,overlap
2022-05-09 16:30:00+00:00,2022-05-09 16:45:00+00:00,-1,1876.9729538613226,1863.4275,3.632635774359895,113,1863.1648640258575,1875.1566359741425,retest,newyork
2022-05-11 13:45:00+00:00,2022-05-11 14:00:00+00:00,-1,1860.629029688442,1853.355,4.838059376883761,115,1847.8575036473542,1857.232496352646,retest,overlap
2022-05-12 08:00:00+00:00,2022-05-12 08:15:00+00:00,-1,1858.6634096122575,1849.9675,2.86182651922289,115,1847.8575036473542,1857.232496352646,retest,london
2022-05-12 09:45:00+00:00,2022-05-12 10:00:00+00:00,-1,1858.7563324579992,1848.1950000000002,3.0476722107066134,115,1847.8575036473542,1857.232496352646,retest,london
2022-05-12 13:15:00+00:00,2022-05-12 13:30:00+00:00,-1,1859.0481022996582,1845.1399999999999,3.631211894024538,115,1847.8575036473542,1857.232496352646,retest,overlap
2022-05-19 15:30:00+00:00,2022-05-19 15:45:00+00:00,-1,1859.22642157645,1844.087,3.987850447608117,115,1847.8575036473542,1857.232496352646,retest,newyork
2022-05-25 17:30:00+00:00,2022-05-25 17:45:00+00:00,-1,1853.2437017831583,1847.467,2.616955411597463,127,1846.7577759226403,1851.9352240773596,retest,newyork
2022-05-25 18:15:00+00:00,2022-05-25 18:30:00+00:00,-1,1858.5641246396867,1851.09,2.663256574081503,115,1847.8575036473542,1857.232496352646,retest,newyork
2022-05-26 12:15:00+00:00,2022-05-26 12:30:00+00:00,-1,1853.1724948825602,1844.3515,2.4745416104011952,127,1846.7577759226403,1851.9352240773596,retest,overlap
2022-05-26 13:15:00+00:00,2022-05-26 13:30:00+00:00,-1,1853.2407227294143,1845.74,2.61099730410946,127,1846.7577759226403,1851.9352240773596,retest,overlap
2022-05-26 14:30:00+00:00,2022-05-26 14:45:00+00:00,-1,1858.808902750961,1849.0875,3.1528127966299677,115,1847.8575036473542,1857.232496352646,retest,overlap
2022-05-26 15:30:00+00:00,2022-05-26 15:45:00+00:00,-1,1855.08565090437,1845.342,3.1263018087398224,127,1846.7577759226403,1851.9352240773596,retest,newyork
2022-05-26 16:30:00+00:00,2022-05-26 16:45:00+00:00,-1,1853.2715438979997,1846.2875,2.6726396412801274,127,1846.7577759226403,1851.9352240773596,retest,newyork
2022-05-26 17:45:00+00:00,2022-05-26 18:00:00+00:00,-1,1858.4015045614929,1849.5525,2.3380164176939324,115,1847.8575036473542,1857.232496352646,retest,newyork
2022-06-13 07:45:00+00:00,2022-06-13 08:00:00+00:00,1,1852.5868357281897,1857.335,2.5733188884214147,120,1853.8734951724005,1863.7485048275998,retest,london
2022-06-13 14:30:00+00:00,2022-06-13 14:45:00+00:00,1,1821.401583157667,1829.4325,4.231833684666106,119,1826.5944430423558,1834.3430569576442,retest,overlap
2022-06-20 09:15:00+00:00,2022-06-20 09:30:00+00:00,-1,1851.052660911365,1842.5415,2.188312167530169,129,1842.9439951724003,1849.9585048275999,retest,london
2022-06-20 11:15:00+00:00,2022-06-20 11:30:00+00:00,-1,1844.9599855214956,1837.89,2.0515729230000637,130,1838.4228009400044,1843.9341990599955,retest,london
2022-06-20 13:15:00+00:00,2022-06-20 13:30:00+00:00,-1,1845.0023974471555,1840.313,2.1363967743198753,130,1838.4228009400044,1843.9341990599955,retest,overlap
2022-06-20 14:15:00+00:00,2022-06-20 14:30:00+00:00,-1,1844.9859853179526,1837.25,2.1035725159139345,130,1838.4228009400044,1843.9341990599955,retest,overlap
2022-06-20 15:15:00+00:00,2022-06-20 15:30:00+00:00,-1,1844.9218349880857,1837.9425,1.9752718561801652,130,1838.4228009400044,1843.9341990599955,retest,overlap
2022-06-20 15:45:00+00:00,2022-06-20 16:00:00+00:00,-1,1844.8511415183998,1838.3175,1.8338849168084101,130,1838.4228009400044,1843.9341990599955,retest,newyork
2022-06-21 15:30:00+00:00,2022-06-21 15:45:00+00:00,-1,1845.454416859077,1835.3125,3.0404355981629054,130,1838.4228009400044,1843.9341990599955,retest,newyork
2022-06-22 11:15:00+00:00,2022-06-22 11:30:00+00:00,-1,1845.3499842157446,1839.002,2.8315703114980013,130,1838.4228009400044,1843.9341990599955,retest,london
2022-06-22 13:00:00+00:00,2022-06-22 13:15:00+00:00,-1,1848.373828742372,1842.375,3.1746574847443085,130,1838.4228009400044,1843.9341990599955,retest,overlap
2022-06-22 14:00:00+00:00,2022-06-22 14:15:00+00:00,-1,1851.901002568408,1841.0625,3.8849954816165595,129,1842.9439951724003,1849.9585048275999,retest,overlap
2022-06-22 15:30:00+00:00,2022-06-22 15:45:00+00:00,-1,1850.0497921504602,1838.984,3.618844298921725,136,1840.0096299990007,1848.2403700009993,retest,newyork
2022-06-22 20:45:00+00:00,2022-06-22 22:00:00+00:00,-1,1844.891725194309,1837.79,1.915052268626757,130,1838.4228009400044,1843.9341990599955,retest,newyork
2022-06-23 13:30:00+00:00,2022-06-23 13:45:00+00:00,-1,1845.197682532624,1835.758,2.526966945256643,130,1838.4228009400044,1843.9341990599955,retest,overlap
2022-06-23 14:45:00+00:00,2022-06-23 15:00:00+00:00,-1,1851.502461005308,1840.9805000000001,2.9554552753413184,136,1840.0002666323624,1850.0247333676375,retest,overlap
2022-07-05 12:30:00+00:00,2022-07-05 12:45:00+00:00,-1,1807.2713217468845,1800.4450000000002,2.627242321734875,139,1800.8387994139828,1805.9577005860172,retest,overlap
2022-07-12 13:30:00+00:00,2022-07-12 13:45:00+00:00,-1,1738.3814539296243,1728.6970000000001,2.8889078592487367,143,1730.1829661820557,1735.1895338179443,retest,overlap
2022-07-12 15:45:00+00:00,2022-07-12 16:00:00+00:00,-1,1736.582702216651,1732.013,2.786336797413294,143,1730.1829661820557,1735.1895338179443,retest,newyork
2022-07-12 16:45:00+00:00,2022-07-12 17:00:00+00:00,-1,1736.4256190528845,1729.554,2.4721704698803064,143,1730.1829661820557,1735.1895338179443,retest,newyork
2022-07-21 13:00:00+00:00,2022-07-21 13:15:00+00:00,-1,1712.5040271005405,1702.82,4.112054201081474,147,1703.4163205042448,1709.073679495755,retest,overlap
2022-07-21 14:00:00+00:00,2022-07-21 14:15:00+00:00,-1,1712.9920148510657,1704.6950000000002,5.088029702131611,147,1703.4163205042448,1709.073679495755,retest,overlap
2022-07-21 16:00:00+00:00,2022-07-21 16:15:00+00:00,-1,1722.6133302754656,1711.1170000000002,4.619303148651491,149,1712.72632129886,1720.30367870114,retest,newyork
2022-08-15 08:00:00+00:00,2022-08-15 08:15:00+00:00,1,1782.3504012810993,1787.8365,1.4722332313586246,163,1783.0865178967786,1789.4834821032211,retest,london
2022-08-30 16:00:00+00:00,2022-08-30 16:15:00+00:00,-1,1733.8226651034824,1725.46,2.447128868942939,168,1726.099899330989,1732.599100669011,retest,newyork
2022-09-06 08:15:00+00:00,2022-09-06 08:30:00+00:00,-1,1721.7993799039907,1714.505,1.9467598079811954,174,1714.2378842805665,1719.6341157194333,retest,london
2022-09-06 14:45:00+00:00,2022-09-06 15:00:00+00:00,-1,1713.4058505074279,1703.6945,3.076701014855814,175,1706.0877457231795,1710.7702542768202,retest,overlap
2022-09-07 10:00:00+00:00,2022-09-07 10:15:00+00:00,-1,1711.8093575144164,1705.0970000000002,2.0782064751923133,175,1706.0877457231795,1710.7702542768202,retest,london
2022-09-07 15:15:00+00:00,2022-09-07 15:30:00+00:00,-1,1714.9515164352276,1710.3400000000001,2.843032870455159,175,1706.0877457231795,1710.7702542768202,retest,overlap
2022-09-21 19:15:00+00:00,2022-09-21 19:30:00+00:00,-1,1696.2913158877136,1679.402,5.6422557738117645,173,1686.7768119991922,1693.4701880008076,retest,newyork
2022-09-22 12:45:00+00:00,2022-09-22 13:00:00+00:00,-1,1687.033906846322,1681.9185000000002,4.174813692644011,182,1677.399872296282,1682.500127703718,retest,overlap
2022-09-22 14:30:00+00:00,2022-09-22 14:45:00+00:00,-1,1687.2062821537277,1672.165,4.519564307455373,182,1677.399872296282,1682.500127703718,retest,overlap
2022-09-23 10:15:00+00:00,2022-09-23 10:30:00+00:00,-1,1666.406482594903,1655.835,2.6999651898065276,183,1657.827923992322,1661.906076007678,retest,london
2022-09-23 13:15:00+00:00,2022-09-23 13:30:00+00:00,-1,1660.0946946975537,1652.635,4.267389395107281,181,1651.384967595747,1656.7255324042528,retest,overlap
2022-09-28 14:45:00+00:00,2022-09-28 15:00:00+00:00,-1,1658.9209053124434,1650.6235000000001,4.390745816381185,181,1651.384967595747,1656.7255324042528,retest,overlap
2022-09-29 12:00:00+00:00,2022-09-29 12:15:00+00:00,-1,1658.023131634343,1650.315,2.5951984601800215,181,1651.384967595747,1656.7255324042528,retest,overlap
2022-09-29 13:30:00+00:00,2022-09-29 13:45:00+00:00,-1,1660.1010243660355,1650.7175,3.746048732071003,181,1651.384967595747,1656.7255324042528,retest,overlap
2022-11-15 09:45:00+00:00,2022-11-15 10:00:00+00:00,1,1769.1059630856316,1776.3045,2.635041595953138,204,1770.4234838836082,1777.6215161163918,retest,london
2022-11-15 14:45:00+00:00,2022-11-15 15:00:00+00:00,1,1766.4066195048836,1772.09,3.6457609902328336,204,1770.4234838836082,1777.6215161163918,retest,overlap
2022-11-15 19:30:00+00:00,2022-11-15 19:45:00+00:00,1,1766.188510634588,1775.8494999999998,4.322978730823836,204,1770.4234838836082,1777.6215161163918,retest,newyork
2022-11-15 20:15:00+00:00,2022-11-15 20:30:00+00:00,1,1768.0477790139178,1778.505,4.003441972164705,204,1770.4234838836082,1777.6215161163918,retest,newyork
2022-11-16 15:30:00+00:00,2022-11-16 15:45:00+00:00,1,1768.9293590184502,1777.7150000000001,2.9882497303160385,204,1770.4234838836082,1777.6215161163918,retest,overlap
2022-11-16 17:15:00+00:00,2022-11-16 17:30:00+00:00,1,1769.0884000370263,1775.995,2.670167693163677,204,1770.4234838836082,1777.6215161163918,retest,newyork
2022-11-18 16:00:00+00:00,2022-11-18 16:15:00+00:00,1,1748.6568106731595,1757.6750000000002,2.748378653680727,205,1751.0417987423045,1756.7482012576954,retest,overlap
2022-11-25 08:00:00+00:00,2022-11-25 08:15:00+00:00,1,1749.3295567848081,1752.2585,1.5908864303837211,205,1751.0417987423045,1756.7482012576954,retest,london
2022-11-28 13:15:00+00:00,2022-11-28 13:30:00+00:00,1,1749.2141686548673,1753.625,2.2516626902653436,205,1751.0417987423045,1756.7482012576954,retest,overlap
2022-11-29 09:15:00+00:00,2022-11-29 09:30:00+00:00,1,1750.0710960929005,1755.9915,1.9414052988080865,205,1751.0417987423045,1756.7482012576954,retest,london
2022-11-29 12:45:00+00:00,2022-11-29 13:00:00+00:00,1,1750.0720848325875,1755.245,1.9394278194338397,205,1751.0417987423045,1756.7482012576954,retest,london
2022-11-29 16:30:00+00:00,2022-11-29 16:45:00+00:00,1,1748.3746368343316,1751.815,2.810726331336779,205,1751.0417987423045,1756.7482012576954,retest,newyork
2022-11-30 14:00:00+00:00,2022-11-30 14:15:00+00:00,1,1749.683256681713,1757.9,2.7170841211832144,205,1751.0417987423045,1756.7482012576954,retest,overlap
2022-11-30 15:30:00+00:00,2022-11-30 15:45:00+00:00,1,1747.5151145875798,1751.745,3.379770824840241,205,1751.0417987423045,1756.7482012576954,retest,overlap
2022-12-01 08:30:00+00:00,2022-12-01 08:45:00+00:00,1,1769.1955972247238,1778.67,2.4557733177689336,204,1770.4234838836082,1777.6215161163918,retest,london
2022-12-01 09:30:00+00:00,2022-12-01 09:45:00+00:00,1,1769.273054508754,1777.65,2.3008587497084356,204,1770.4234838836082,1777.6215161163918,retest,london
2022-12-02 13:45:00+00:00,2022-12-02 14:00:00+00:00,1,1776.9636375578973,1785.73,3.242724884205424,206,1782.6292971548255,1789.0507028451743,retest,overlap
2022-12-02 16:15:00+00:00,2022-12-02 16:30:00+00:00,1,1779.120686880017,1790.6405,3.7276262399660007,206,1782.6292971548255,1789.0507028451743,retest,overlap
2022-12-05 15:30:00+00:00,2022-12-05 15:45:00+00:00,1,1768.8055828588178,1777.68,3.2358020495806086,204,1770.4234838836082,1777.6215161163918,retest,overlap
2022-12-05 18:00:00+00:00,2022-12-05 18:15:00+00:00,1,1766.8101670121944,1770.0349999999999,2.8196659756112123,204,1770.4234838836082,1777.6215161163918,retest,newyork
2022-12-06 15:30:00+00:00,2022-12-06 15:45:00+00:00,1,1769.184719769351,1772.6750000000002,2.4775282285144775,204,1770.4234838836082,1777.6215161163918,retest,overlap
2022-12-07 21:30:00+00:00,2022-12-07 21:45:00+00:00,1,1781.6339990863248,1786.205,1.990596137001165,206,1782.6292971548255,1789.0507028451743,retest,newyork
2022-12-08 14:15:00+00:00,2022-12-08 14:30:00+00:00,1,1781.4802034893282,1790.17,2.2981873309946255,206,1782.6292971548255,1789.0507028451743,retest,overlap
2022-12-08 16:30:00+00:00,2022-12-08 16:45:00+00:00,1,1781.175156258319,1789.835,2.908281793012953,206,1782.6292971548255,1789.0507028451743,retest,newyork
2022-12-08 18:00:00+00:00,2022-12-08 18:15:00+00:00,1,1781.4382266101034,1788.17,2.3821410894444455,206,1782.6292971548255,1789.0507028451743,retest,newyork
2022-12-08 19:30:00+00:00,2022-12-08 19:45:00+00:00,1,1781.5145544382558,1789.645,2.2294854331395926,206,1782.6292971548255,1789.0507028451743,retest,newyork
2022-12-08 20:30:00+00:00,2022-12-08 20:45:00+00:00,1,1781.6752952616573,1788.32,1.9080037863364456,206,1782.6292971548255,1789.0507028451743,retest,newyork
2022-12-12 16:15:00+00:00,2022-12-12 16:30:00+00:00,1,1780.5714606676977,1782.995,2.4570786646045217,206,1782.6292971548255,1789.0507028451743,retest,overlap
2023-01-05 16:00:00+00:00,2023-01-05 16:15:00+00:00,1,1816.40840416127,1830.975,3.7299927434502074,220,1818.273400532995,1826.718099467005,retest,overlap
2023-01-11 10:15:00+00:00,2023-01-11 10:30:00+00:00,1,1877.7980803729831,1884.295,1.9446676291861151,230,1878.770414187576,1883.658585812424,retest,london
2023-01-11 13:00:00+00:00,2023-01-11 13:15:00+00:00,1,1874.7354217232905,1879.1985,2.1361565534190743,230,1878.770414187576,1883.658585812424,retest,overlap
2023-01-12 10:30:00+00:00,2023-01-12 10:45:00+00:00,1,1878.017640359085,1883.6065,1.505547656982524,230,1878.770414187576,1883.658585812424,retest,london
2023-01-20 09:15:00+00:00,2023-01-20 09:30:00+00:00,1,1922.380231537478,1931.645,2.6234288317255112,235,1923.6919459533408,1931.339554046659,retest,london
2023-01-20 10:45:00+00:00,2023-01-20 11:00:00+00:00,1,1922.4618594984895,1930.07,2.460172909702778,235,1923.6919459533408,1931.339554046659,retest,london
2023-01-23 21:00:00+00:00,2023-01-23 21:15:00+00:00,1,1922.514479383658,1931.4015,2.3549331393656865,235,1923.6919459533408,1931.339554046659,retest,newyork
2023-01-25 10:15:00+00:00,2023-01-25 10:30:00+00:00,1,1921.5345140491866,1925.94,2.480971901627039,235,1923.6919459533408,1931.339554046659,retest,london
2023-01-25 15:30:00+00:00,2023-01-25 15:45:00+00:00,1,1918.1655034079115,1931.5349999999999,3.4109931841773324,235,1923.6919459533408,1931.339554046659,retest,overlap
2023-01-25 16:15:00+00:00,2023-01-25 16:30:00+00:00,1,1921.9012561709724,1933.94,3.5813795647367415,235,1923.6919459533408,1931.339554046659,retest,overlap
2023-01-26 09:45:00+00:00,2023-01-26 10:00:00+00:00,1,1931.8349974193823,1936.8899999999999,2.5334887745970853,239,1933.1017418066808,1942.2197581933192,retest,london
2023-01-26 16:00:00+00:00,2023-01-26 16:15:00+00:00,1,1921.274699580142,1927.4435,3.833600839715955,235,1923.6919459533408,1931.339554046659,retest,overlap
2023-01-26 19:30:00+00:00,2023-01-26 19:45:00+00:00,1,1922.153691964919,1930.7514999999999,3.0765079768433345,235,1923.6919459533408,1931.339554046659,retest,newyork
2023-01-27 15:00:00+00:00,2023-01-27 15:15:00+00:00,1,1920.2869174798268,1927.185,3.2141650403462423,235,1923.6919459533408,1931.339554046659,retest,overlap
2023-01-27 15:45:00+00:00,2023-01-27 16:00:00+00:00,1,1912.8735301310828,1924.145,3.6095986128428263,240,1914.6783294375043,1923.1916705624958,retest,overlap
2023-01-27 21:30:00+00:00,2023-01-27 21:45:00+00:00,1,1922.6183510329156,1928.725,2.1471898408504146,235,1923.6919459533408,1931.339554046659,retest,newyork
2023-01-30 08:30:00+00:00,2023-01-30 08:45:00+00:00,1,1919.5944307494017,1922.68,2.2981385011966506,235,1923.6919459533408,1931.339554046659,retest,london
2023-02-02 15:15:00+00:00,2023-02-02 15:30:00+00:00,1,1914.9379306213507,1924.95,4.816138757298538,235,1923.7881902324878,1933.3433097675122,retest,overlap
2023-02-14 14:00:00+00:00,2023-02-14 14:15:00+00:00,-1,1873.85364936318,1859.009,4.386262351775861,231,1860.5544818127078,1871.6605181872922,retest,overlap
2023-02-14 15:15:00+00:00,2023-02-14 15:30:00+00:00,-1,1874.6357204671067,1858.81,5.950404559629042,231,1860.5544818127078,1871.6605181872922,retest,overlap
2023-02-14 17:15:00+00:00,2023-02-14 17:30:00+00:00,-1,1863.210167742809,1847.6599999999999,5.240335485617618,246,1848.4371438932517,1854.829356106748,retest,newyork
2023-02-14 18:45:00+00:00,2023-02-14 19:00:00+00:00,-1,1861.2059195432826,1853.6460000000002,4.6418390865650405,246,1848.4371438932517,1854.829356106748,retest,newyork
2023-02-22 12:30:00+00:00,2023-02-22 12:45:00+00:00,-1,1850.594136506861,1841.88,2.4193405887893835,251,1843.4870337875334,1849.3844662124664,retest,london
2023-02-23 08:15:00+00:00,2023-02-23 08:30:00+00:00,-1,1834.811988785372,1827.6715,1.8539775707439232,250,1828.522840070767,1832.3671599292331,retest,london
2023-02-24 14:00:00+00:00,2023-02-24 14:15:00+00:00,-1,1822.0877908717982,1812.095,2.7339092973440744,252,1815.7926637768737,1820.7208362231263,retest,overlap
2023-02-27 14:00:00+00:00,2023-02-27 14:15:00+00:00,-1,1821.7670889072824,1815.2285000000002,2.0925053683124206,252,1815.7926637768737,1820.7208362231263,retest,overlap
2023-02-27 15:15:00+00:00,2023-02-27 15:30:00+00:00,-1,1821.8952535020287,1818.4365,2.3488345578048166,252,1815.7926637768737,1820.7208362231263,retest,overlap
2023-02-27 16:00:00+00:00,2023-02-27 16:15:00+00:00,-1,1821.9423833301776,1813.9465,2.4430942141024867,252,1815.7926637768737,1820.7208362231263,retest,overlap
2023-02-27 18:15:00+00:00,2023-02-27 18:30:00+00:00,-1,1821.7265354000654,1817.88,2.011398353878238,252,1815.7926637768737,1820.7208362231263,retest,newyork
2023-02-28 16:30:00+00:00,2023-02-28 16:45:00+00:00,-1,1829.998662154224,1826.4415,2.914324308448383,252,1815.7926637768737,1820.7208362231263,retest,newyork
2023-02-28 17:45:00+00:00,2023-02-28 18:00:00+00:00,-1,1833.7361231132456,1829.3314999999998,2.7379263680250796,250,1828.522840070767,1832.3671599292331,retest,newyork
2023-02-28 19:15:00+00:00,2023-02-28 19:30:00+00:00,-1,1833.555416850013,1829.295,2.3765138415595386,250,1828.522840070767,1832.3671599292331,retest,newyork
2023-03-07 18:30:00+00:00,2023-03-07 18:45:00+00:00,-1,1824.6826266183257,1814.7865,2.942253236651447,252,1815.7926637768737,1820.7208362231263,retest,newyork
2023-03-08 18:30:00+00:00,2023-03-08 18:45:00+00:00,-1,1821.9385161374996,1813.9850000000001,2.4353598287467717,252,1815.7926637768737,1820.7208362231263,retest,newyork
2023-03-08 20:00:00+00:00,2023-03-08 20:15:00+00:00,-1,1821.7250858333036,1815.32,2.0084992203548286,252,1815.7926637768737,1820.7208362231263,retest,newyork
2023-03-21 17:45:00+00:00,2023-03-21 18:00:00+00:00,1,1928.341071278434,1941.55,4.316061195168389,263,1930.4991018760181,1940.505898123982,retest,newyork
2023-04-10 13:00:00+00:00,2023-04-10 13:15:00+00:00,1,1983.7481142335407,1991.23,2.9101921979718837,272,1985.2032103325266,1992.9902896674732,retest,overlap
2023-04-12 14:00:00+00:00,2023-04-12 14:15:00+00:00,1,1999.0167277575433,2010.295,4.727544484913501,265,2005.2900637715206,2012.0614362284794,retest,overlap
2023-04-12 15:15:00+00:00,2023-04-12 15:30:00+00:00,1,1997.5331733431474,2008.7435,4.58654619529249,268,1999.8264464407937,2006.5855535592061,retest,overlap
2023-04-12 16:00:00+00:00,2023-04-12 16:15:00+00:00,1,1997.6978212602073,2008.1915,4.257250361172611,268,1999.8264464407937,2006.5855535592061,retest,newyork
2023-04-13 15:00:00+00:00,2023-04-13 15:15:00+00:00,1,2023.9518255905887,2037.3249999999998,3.9678586898123873,274,2025.935754935495,2034.535745064505,retest,overlap
2023-04-14 08:30:00+00:00,2023-04-14 08:45:00+00:00,1,2024.6710544294956,2034.3049999999998,2.5294010119985515,274,2025.935754935495,2034.535745064505,retest,london
2023-04-14 11:45:00+00:00,2023-04-14 12:00:00+00:00,1,2024.6794371237413,2033.3805,2.5126356235073204,274,2025.935754935495,2034.535745064505,retest,london
2023-04-14 12:45:00+00:00,2023-04-14 13:00:00+00:00,1,2015.334732552283,2024.77,4.011534895433989,274,2025.935754935495,2034.535745064505,retest,overlap
2023-04-14 15:00:00+00:00,2023-04-14 15:15:00+00:00,1,1991.1577112931577,1999.1399999999999,5.324577413684714,265,2005.2900637715206,2012.0614362284794,retest,overlap
2023-04-17 08:45:00+00:00,2023-04-17 09:00:00+00:00,1,2004.0623448514339,2009.95,2.4554378401734636,265,2005.2900637715206,2012.0614362284794,retest,london
2023-04-18 16:45:00+00:00,2023-04-18 17:00:00+00:00,1,1998.3689062744588,2007.2535,2.915080332669699,268,1999.8264464407937,2006.5855535592061,retest,newyork
2023-04-18 18:00:00+00:00,2023-04-18 18:15:00+00:00,1,1998.5862337969195,2004.55,2.480425287748289,268,1999.8264464407937,2006.5855535592061,retest,newyork
2023-04-20 17:45:00+00:00,2023-04-20 18:00:00+00:00,1,1998.3300783867307,2006.7195000000002,2.9927361081258983,268,1999.8264464407937,2006.5855535592061,retest,newyork
2023-05-10 13:30:00+00:00,2023-05-10 13:45:00+00:00,1,2023.130193701378,2036.1145000000001,3.9766125972443467,274,2025.8975094697503,2034.5739905302496,retest,overlap
2023-05-10 15:45:00+00:00,2023-05-10 16:00:00+00:00,1,2019.5360485038407,2025.0995,4.046902992318458,274,2025.8975094697503,2034.5739905302496,retest,newyork
2023-05-11 14:00:00+00:00,2023-05-11 14:15:00+00:00,1,2001.4196797057637,2015.1329999999998,4.748252474013342,265,2003.7938059427704,2014.6911940572297,retest,overlap
2023-05-23 14:15:00+00:00,2023-05-23 14:30:00+00:00,-1,1978.371477900082,1968.9450000000002,3.4417901574848155,279,1966.8229171786604,1976.6505828213396,retest,overlap
2023-05-23 16:45:00+00:00,2023-05-23 17:00:00+00:00,-1,1978.1400789469374,1973.1295,2.978992251195614,279,1966.8229171786604,1976.6505828213396,retest,newyork
2023-05-26 07:00:00+00:00,2023-05-26 07:15:00+00:00,-1,1957.3883170524637,1950.5985,1.9094591958749938,288,1949.855912545474,1956.433587454526,retest,london
2023-05-26 13:45:00+00:00,2023-05-26 14:00:00+00:00,-1,1957.781065858139,1947.077,2.6949568072261205,288,1949.855912545474,1956.433587454526,retest,overlap
2023-05-30 10:15:00+00:00,2023-05-30 10:30:00+00:00,-1,1957.915802571539,1953.42,2.9644302340259263,288,1949.855912545474,1956.433587454526,retest,london
2023-06-05 16:15:00+00:00,2023-06-05 16:30:00+00:00,-1,1962.643145343068,1958.6399999999999,3.043290686135463,288,1949.830051791037,1956.459448208963,retest,newyork
2023-06-20 15:15:00+00:00,2023-06-20 15:30:00+00:00,-1,1943.8296864851725,1934.385,3.1098208828868716,291,1934.855223956271,1942.2747760437292,retest,overlap
2023-06-20 16:30:00+00:00,2023-06-20 16:45:00+00:00,-1,1943.6301173613067,1936.225,2.7106826351551767,291,1934.855223956271,1942.2747760437292,retest,newyork
2023-06-21 15:00:00+00:00,2023-06-21 15:15:00+00:00,-1,1936.5512836090547,1930.135,3.7225672181095737,294,1927.9265261483804,1934.0134738516197,retest,overlap
2023-06-21 17:15:00+00:00,2023-06-21 17:30:00+00:00,-1,1943.7303610192655,1933.9865,2.9111699510727003,291,1934.855223956271,1942.2747760437292,retest,newyork
2023-06-21 17:45:00+00:00,2023-06-21 18:00:00+00:00,-1,1943.633969211411,1934.225,2.7183863353636957,291,1934.855223956271,1942.2747760437292,retest,newyork
2023-06-22 11:15:00+00:00,2023-06-22 11:30:00+00:00,-1,1935.00080520664,1927.645,1.9746627100408676,294,1927.9265261483804,1934.0134738516197,retest,london
2023-06-22 12:30:00+00:00,2023-06-22 12:45:00+00:00,-1,1935.1910164348803,1926.075,2.3550851665213783,294,1927.9265261483804,1934.0134738516197,retest,overlap
2023-06-23 13:45:00+00:00,2023-06-23 14:00:00+00:00,-1,1938.8195174095254,1932.29,2.7490348190502205,294,1927.9265261483804,1934.0134738516197,retest,overlap
2023-07-03 14:00:00+00:00,2023-07-03 14:15:00+00:00,-1,1935.3291822814945,1926.1354999999999,2.631416859749644,294,1927.9265261483804,1934.0134738516197,retest,overlap
2023-07-03 15:00:00+00:00,2023-07-03 15:15:00+00:00,-1,1935.4453632392617,1927.33,2.8637787752840116,294,1927.9265261483804,1934.0134738516197,retest,overlap
2023-07-07 15:00:00+00:00,2023-07-07 15:15:00+00:00,-1,1936.6972989512076,1929.4845,3.5645979024153673,294,1927.9265261483804,1934.0134738516197,retest,overlap
2023-07-17 13:45:00+00:00,2023-07-17 14:00:00+00:00,1,1944.4921633305858,1950.595,2.6986733388286934,288,1949.4321055081045,1958.2113944918954,retest,overlap
2023-07-20 14:45:00+00:00,2023-07-20 15:00:00+00:00,1,1960.4740363733858,1970.5749999999998,3.4119576219245595,290,1962.1800151843481,1969.617984815652,retest,overlap
2023-07-20 16:15:00+00:00,2023-07-20 16:30:00+00:00,1,1960.6936778535933,1967.62,2.9726746615095103,290,1962.1800151843481,1969.617984815652,retest,newyork
2023-07-21 08:15:00+00:00,2023-07-21 08:30:00+00:00,1,1960.8543053576614,1963.815,1.6213892846772842,290,1962.1800151843481,1969.617984815652,retest,london
2023-07-21 14:15:00+00:00,2023-07-21 14:30:00+00:00,1,1953.9276489649776,1960.87,2.6326490418683766,292,1955.2439734859117,1961.951526514088,retest,overlap
2023-07-21 15:00:00+00:00,2023-07-21 15:15:00+00:00,1,1953.7697714186768,1960.885,2.9484041344696847,292,1955.2439734859117,1961.951526514088,retest,overlap
2023-07-21 16:15:00+00:00,2023-07-21 16:30:00+00:00,1,1953.9211869825206,1962.2965,2.6455730067822265,292,1955.2439734859117,1961.951526514088,retest,newyork
2023-07-25 11:30:00+00:00,2023-07-25 11:45:00+00:00,1,1952.2928611994835,1956.8635,1.9642776010333183,292,1955.2439734859117,1961.951526514088,retest,london
2023-07-25 14:00:00+00:00,2023-07-25 14:15:00+00:00,1,1947.947427876482,1959.82,2.969355263245202,288,1949.4321055081045,1958.2113944918954,retest,overlap
2023-07-25 17:15:00+00:00,2023-07-25 17:30:00+00:00,1,1954.0440200524497,1962.5635,2.399906866924206,292,1955.2439734859117,1961.951526514088,retest,newyork
2023-07-26 13:45:00+00:00,2023-07-26 14:00:00+00:00,1,1961.1645045799178,1966.76,1.9571965609903725,290,1962.143102860413,1969.6548971395873,retest,overlap
2023-07-26 17:15:00+00:00,2023-07-26 17:30:00+00:00,1,1961.1498124766083,1968.9385000000002,1.986580767609193,290,1962.143102860413,1969.6548971395873,retest,newyork
2023-08-03 08:00:00+00:00,2023-08-03 08:15:00+00:00,-1,1940.9538377948152,1936.74,1.8889801756386748,300,1933.4001522930039,1940.0093477069959,retest,london
2023-08-03 13:00:00+00:00,2023-08-03 13:15:00+00:00,-1,1941.5059057982696,1931.0349999999999,2.993116182547596,300,1933.4001522930039,1940.0093477069959,retest,overlap
2023-08-03 14:30:00+00:00,2023-08-03 14:45:00+00:00,-1,1941.717947881659,1936.54,3.417200349326508,300,1933.4001522930039,1940.0093477069959,retest,overlap
2023-08-03 17:00:00+00:00,2023-08-03 17:15:00+00:00,-1,1941.2518763532996,1934.9785000000002,2.4850572926075403,300,1933.4001522930039,1940.0093477069959,retest,newyork
2023-08-04 12:45:00+00:00,2023-08-04 13:00:00+00:00,-1,1944.1751362232903,1939.1185,2.6772724465809947,300,1933.4001522930039,1940.0093477069959,retest,overlap
2023-08-04 15:45:00+00:00,2023-08-04 16:00:00+00:00,-1,1949.1920928767986,1942.75,2.9682255803061057,309,1939.4050199133542,1947.7079800866456,retest,newyork
2023-08-22 15:45:00+00:00,2023-08-22 16:00:00+00:00,-1,1901.386970126013,1897.88,2.26137963762277,330,1895.4637196927983,1900.2562803072017,retest,newyork
2023-08-25 16:30:00+00:00,2023-08-25 16:45:00+00:00,-1,1916.8832557412172,1909.75,3.0045418403192374,320,1910.4125151789426,1915.3809848210576,retest,newyork
2023-08-25 17:30:00+00:00,2023-08-25 17:45:00+00:00,-1,1916.7364536231369,1910.8899999999999,2.710937604158606,320,1910.4125151789426,1915.3809848210576,retest,newyork
2023-09-05 10:00:00+00:00,2023-09-05 10:15:00+00:00,1,1928.0692997407675,1931.1035,1.1471360194743803,319,1928.6428677505048,1933.9421322494952,retest,london
2023-09-14 15:15:00+00:00,2023-09-14 15:30:00+00:00,-1,1917.9662734752983,1908.5149999999999,2.7897678573365017,320,1910.5936104533698,1916.5713895466301,retest,overlap
2023-09-14 16:15:00+00:00,2023-09-14 16:30:00+00:00,-1,1917.9174111752925,1910.6599999999999,2.692043257324765,320,1910.5936104533698,1916.5713895466301,retest,newyork
2023-09-14 17:30:00+00:00,2023-09-14 17:45:00+00:00,-1,1917.7598795160643,1909.5515,2.376979938868245,320,1910.5936104533698,1916.5713895466301,retest,newyork
2023-10-30 13:45:00+00:00,2023-10-30 14:00:00+00:00,1,1989.849280566251,1998.6084999999998,2.702809473021715,356,1991.200685302762,1999.651314697238,retest,overlap
2023-10-30 14:45:00+00:00,2023-10-30 15:00:00+00:00,1,1989.5935289895203,1997.1264999999999,3.214312626483048,356,1991.200685302762,1999.651314697238,retest,overlap
2023-10-30 16:15:00+00:00,2023-10-30 16:30:00+00:00,1,1989.8053757250655,1999.6484999999998,2.7906191553931183,356,1991.200685302762,1999.651314697238,retest,overlap
2023-10-31 13:00:00+00:00,2023-10-31 13:15:00+00:00,1,1990.196006231803,1997.5414999999998,2.009358141917679,356,1991.200685302762,1999.651314697238,retest,overlap
2023-10-31 15:15:00+00:00,2023-10-31 15:30:00+00:00,1,1989.5798862156125,1996.635,3.241598174298757,356,1991.200685302762,1999.651314697238,retest,overlap
2023-11-27 16:45:00+00:00,2023-11-27 17:00:00+00:00,1,2003.1977117761348,2010.8465,2.5980137458873296,362,2004.4967186490785,2011.5247813509216,retest,newyork
2023-12-14 09:00:00+00:00,2023-12-14 09:15:00+00:00,1,2027.8214828321961,2038.2415,3.027034335607602,378,2030.3849041169244,2038.9750958830757,retest,london
2023-12-14 16:30:00+00:00,2023-12-14 16:45:00+00:00,1,2028.4950105159437,2040.3835,3.77978720196161,378,2030.3849041169244,2038.9750958830757,retest,newyork
2023-12-14 17:45:00+00:00,2023-12-14 18:00:00+00:00,1,2028.7258061563668,2036.18,3.3181959211153176,378,2030.3849041169244,2038.9750958830757,retest,newyork
2023-12-15 13:45:00+00:00,2023-12-15 14:00:00+00:00,1,2025.3861460028074,2031.44,3.2777079943855,378,2030.3849041169244,2038.9750958830757,retest,overlap
2023-12-15 16:00:00+00:00,2023-12-15 16:15:00+00:00,1,2023.2123001039558,2035.2649999999999,3.39321150208713,379,2024.9089058549994,2034.2025941450006,retest,overlap
2023-12-15 17:15:00+00:00,2023-12-15 17:30:00+00:00,1,2023.455929783139,2034.37,2.9059521437206635,379,2024.9089058549994,2034.2025941450006,retest,newyork
2024-01-19 16:00:00+00:00,2024-01-19 16:15:00+00:00,-1,2035.357189119956,2027.145,2.9043782399120897,379,2025.2939941813602,2033.70900581864,retest,overlap
2024-01-19 16:30:00+00:00,2024-01-19 16:45:00+00:00,-1,2035.158635723092,2023.875,2.899259808903815,379,2025.2939941813602,2033.70900581864,retest,newyork
2024-01-19 18:00:00+00:00,2024-01-19 18:15:00+00:00,-1,2035.0559327497256,2027.625,2.693853862170986,379,2025.2939941813602,2033.70900581864,retest,newyork
2024-01-23 13:30:00+00:00,2024-01-23 13:45:00+00:00,-1,2034.8630732210609,2025.835,2.30813480484181,379,2025.2939941813602,2033.70900581864,retest,overlap
2024-02-07 15:30:00+00:00,2024-02-07 15:45:00+00:00,1,2030.591444641514,2040.68,2.7537083191038034,381,2031.9682988010659,2042.1872011989342,retest,overlap
2024-02-27 19:45:00+00:00,2024-02-27 20:00:00+00:00,1,2024.8666382733354,2030.3384999999998,1.6798270699177535,379,2025.7065518082943,2033.2964481917058,retest,newyork
2024-02-29 11:00:00+00:00,2024-02-29 11:15:00+00:00,1,2029.6940618048545,2031.23,1.1818763902904472,393,2030.7567908475428,2036.2547091524573,retest,london
2024-03-19 10:45:00+00:00,2024-03-19 11:00:00+00:00,1,2147.3965004835823,2154.185,2.2387932295203377,413,2148.5158970983425,2154.967602901657,retest,london
2024-03-19 11:30:00+00:00,2024-03-19 11:45:00+00:00,1,2147.47155148514,2155.6915,2.088691226405333,413,2148.5158970983425,2154.967602901657,retest,london
2024-03-19 14:00:00+00:00,2024-03-19 14:15:00+00:00,1,2147.0261069049566,2151.895,2.837786190086012,413,2148.5158970983425,2154.967602901657,retest,overlap
2024-03-19 16:45:00+00:00,2024-03-19 17:00:00+00:00,1,2147.2698331718316,2154.585,2.4921278530221027,413,2148.5158970983425,2154.967602901657,retest,newyork
2024-03-19 17:15:00+00:00,2024-03-19 17:30:00+00:00,1,2147.2764848351776,2156.5,2.4788245263302935,413,2148.5158970983425,2154.967602901657,retest,newyork
2024-03-20 18:15:00+00:00,2024-03-20 18:30:00+00:00,1,2154.646142215351,2168.99,3.5967155692968102,410,2161.755244760924,2166.703255239076,retest,newyork
2024-05-22 14:30:00+00:00,2024-05-22 14:45:00+00:00,1,2379.523507387612,2388.9785,5.529985224776002,431,2389.2904929736706,2404.989507026329,retest,overlap
2024-06-10 16:30:00+00:00,2024-06-10 16:45:00+00:00,-1,2320.268631651786,2311.0564999999997,3.4945359176848694,452,2311.9791363070563,2318.521363692944,retest,newyork
2024-06-10 17:45:00+00:00,2024-06-10 18:00:00+00:00,-1,2320.129890936043,2311.9665,3.2170544861981,452,2311.9791363070563,2318.521363692944,retest,newyork
2024-06-10 19:15:00+00:00,2024-06-10 19:30:00+00:00,-1,2319.8119174266317,2311.2985,2.5811074673753813,452,2311.9791363070563,2318.521363692944,retest,newyork
2024-07-08 16:30:00+00:00,2024-07-08 16:45:00+00:00,1,2349.0454343068636,2357.4265,4.139131386272635,450,2361.746177309793,2371.175322690207,retest,newyork
2024-07-08 17:30:00+00:00,2024-07-08 17:45:00+00:00,1,2344.7496279365014,2358.91,3.8380294024190973,461,2346.668642637711,2356.669857362289,retest,newyork
2024-07-08 18:45:00+00:00,2024-07-08 19:00:00+00:00,1,2345.071571615023,2356.675,3.1941420453761538,461,2346.668642637711,2356.669857362289,retest,newyork
2024-07-09 15:30:00+00:00,2024-07-09 15:45:00+00:00,1,2344.284125676458,2357.5085,4.397002149695916,461,2346.4826267513063,2356.8558732486936,retest,newyork
2024-08-08 15:30:00+00:00,2024-08-08 15:45:00+00:00,1,2400.428825921861,2418.15,5.249671011981348,467,2403.0536614278517,2422.369338572148,retest,newyork
2024-08-12 11:45:00+00:00,2024-08-12 12:00:00+00:00,1,2432.935531472203,2441.6485000000002,2.235628215843805,469,2434.0533455801246,2442.8626544198755,retest,london
2024-08-14 13:30:00+00:00,2024-08-14 13:45:00+00:00,1,2446.7938640144894,2458.0114999999996,5.315271971021067,478,2453.257118997912,2467.9863810020884,retest,overlap
2024-08-14 16:45:00+00:00,2024-08-14 17:00:00+00:00,1,2431.641631898875,2444.2835,4.823427362499179,469,2434.0533455801246,2442.8626544198755,retest,newyork
2024-08-14 18:15:00+00:00,2024-08-14 18:30:00+00:00,1,2432.0630807768116,2443.9449999999997,3.9805296066261198,469,2434.0533455801246,2442.8626544198755,retest,newyork
2024-08-15 13:45:00+00:00,2024-08-15 14:00:00+00:00,1,2429.3104617485064,2444.51,5.8490765029868665,469,2434.0533455801246,2442.8626544198755,retest,overlap
2024-08-16 14:30:00+00:00,2024-08-16 14:45:00+00:00,1,2469.798571582709,2484.675,6.095856834581,470,2473.991350066067,2486.770149933933,retest,overlap
2024-08-16 15:00:00+00:00,2024-08-16 15:15:00+00:00,1,2470.977006175648,2489.91,6.028687780837671,470,2473.991350066067,2486.770149933933,retest,overlap
2024-08-16 15:30:00+00:00,2024-08-16 15:45:00+00:00,1,2471.122698956471,2489.875,5.737302219191691,470,2473.991350066067,2486.770149933933,retest,newyork
2024-08-22 14:15:00+00:00,2024-08-22 14:30:00+00:00,1,2468.200680048573,2477.915,5.265639902853551,470,2473.991350066067,2486.770149933933,retest,overlap
2024-08-23 10:30:00+00:00,2024-08-23 10:45:00+00:00,1,2489.6248557194726,2498.37,2.3394139350676326,486,2490.7945626870064,2500.560437312993,retest,london
2024-08-23 13:45:00+00:00,2024-08-23 14:00:00+00:00,1,2489.35695603258,2498.6499999999996,2.8752133088529397,486,2490.7945626870064,2500.560437312993,retest,overlap
2024-08-28 12:30:00+00:00,2024-08-28 12:45:00+00:00,1,2489.3609050043196,2497.035,2.867315365373706,486,2490.7945626870064,2500.560437312993,retest,overlap
2024-08-29 12:45:00+00:00,2024-08-29 13:00:00+00:00,1,2498.885233243768,2509.2235,3.7979831167727935,490,2500.7842248021548,2511.6242751978457,retest,overlap
2024-09-27 15:15:00+00:00,2024-09-27 15:30:00+00:00,1,2642.418806511569,2654.0405,4.859386976862235,501,2646.735583888825,2657.976416111175,retest,overlap
2024-09-30 08:00:00+00:00,2024-09-30 08:15:00+00:00,1,2645.1921567240624,2653.4300000000003,3.0868543295256847,501,2646.735583888825,2657.976416111175,retest,london
2024-10-01 15:00:00+00:00,2024-10-01 15:15:00+00:00,1,2644.164561247463,2660.56,5.142045282723895,501,2646.735583888825,2657.976416111175,retest,overlap
2024-10-01 18:15:00+00:00,2024-10-01 18:30:00+00:00,1,2643.9975906543323,2661.835,5.475986468986247,501,2646.735583888825,2657.976416111175,retest,newyork
2024-10-02 14:30:00+00:00,2024-10-02 14:45:00+00:00,1,2644.570779606384,2656.205,4.329608564882752,501,2646.735583888825,2657.976416111175,retest,overlap
2024-10-03 08:30:00+00:00,2024-10-03 08:45:00+00:00,1,2636.7397790639548,2645.34,2.90541949005254,503,2638.192488808981,2646.2235111910186,retest,london
2024-10-03 10:15:00+00:00,2024-10-03 10:30:00+00:00,1,2636.784525522808,2646.89,2.8159265723459126,503,2638.192488808981,2646.2235111910186,retest,london
2024-10-03 13:00:00+00:00,2024-10-03 13:15:00+00:00,1,2636.372240825383,2646.0254999999997,3.6404959671961215,503,2638.192488808981,2646.2235111910186,retest,overlap
2024-10-03 14:00:00+00:00,2024-10-03 14:15:00+00:00,1,2635.076983622461,2651.2749999999996,4.735032755078273,503,2638.192488808981,2646.2235111910186,retest,overlap
2024-10-03 16:45:00+00:00,2024-10-03 17:00:00+00:00,1,2644.31048335578,2660.0935,4.850201066090333,501,2646.735583888825,2657.976416111175,retest,newyork
2024-10-03 18:00:00+00:00,2024-10-03 18:15:00+00:00,1,2644.597373928939,2658.285,4.276419919772725,501,2646.735583888825,2657.976416111175,retest,newyork
2024-10-03 19:00:00+00:00,2024-10-03 19:15:00+00:00,1,2644.9367604906497,2658.4449999999997,3.597646796351216,501,2646.735583888825,2657.976416111175,retest,newyork
2024-10-31 15:15:00+00:00,2024-10-31 15:30:00+00:00,1,2728.9781034037674,2739.5,5.3037931924658315,510,2737.6053243335373,2750.971175666463,retest,overlap
2024-11-26 13:15:00+00:00,2024-11-26 13:30:00+00:00,-1,2650.2852575648667,2632.9700000000003,4.634715291103346,503,2632.876100080685,2647.967899919315,retest,overlap
2025-01-03 15:30:00+00:00,2025-01-03 15:45:00+00:00,1,2633.9791788336365,2645.1835,3.84169500690041,527,2635.9000263370867,2648.263473662913,retest,overlap
2025-01-06 14:45:00+00:00,2025-01-06 15:00:00+00:00,1,2611.607139401017,2631.6915,6.176721197965793,523,2615.234276735686,2631.2857232643137,retest,overlap
2025-01-06 17:45:00+00:00,2025-01-06 18:00:00+00:00,1,2627.3340746892377,2636.795,4.7459339562972405,530,2629.7070416673864,2635.861458332614,retest,newyork
2025-01-06 19:15:00+00:00,2025-01-06 19:30:00+00:00,1,2627.7503819502963,2634.5955000000004,3.9133194341804263,530,2629.7070416673864,2635.861458332614,retest,newyork
2025-01-06 21:45:00+00:00,2025-01-06 23:00:00+00:00,1,2628.4219454440595,2636.455,2.5701924466543224,530,2629.7070416673864,2635.861458332614,retest,newyork
2025-01-08 17:45:00+00:00,2025-01-08 18:00:00+00:00,1,2644.259191903847,2655.715,4.638306685010007,528,2646.578345246352,2661.2631547536475,retest,newyork
2025-01-09 14:30:00+00:00,2025-01-09 14:45:00+00:00,1,2659.6813230025264,2673.82,3.71232873192848,533,2661.5374873684905,2672.833512631509,retest,overlap
2025-01-09 16:00:00+00:00,2025-01-09 16:15:00+00:00,1,2659.6581159260318,2669.99,3.7587428849175555,533,2661.5374873684905,2672.833512631509,retest,overlap
2025-01-10 08:45:00+00:00,2025-01-10 09:00:00+00:00,1,2670.2891527989877,2680.045,2.5520429921463093,532,2671.565174295061,2678.9848257049384,retest,london
2025-01-10 12:30:00+00:00,2025-01-10 12:45:00+00:00,1,2670.2809339863556,2677.6165,2.5684806174102714,532,2671.565174295061,2678.9848257049384,retest,london
2025-01-13 12:30:00+00:00,2025-01-13 12:45:00+00:00,1,2659.5872950915373,2671.1620000000003,3.900384553906792,533,2661.5374873684905,2672.833512631509,retest,london
2025-01-13 17:00:00+00:00,2025-01-13 17:15:00+00:00,1,2644.3177666572797,2662.2335000000003,4.521157178144702,528,2646.578345246352,2661.2631547536475,retest,newyork
2025-01-13 19:15:00+00:00,2025-01-13 19:30:00+00:00,1,2644.7884303324713,2658.7200000000003,3.579829827761258,528,2646.578345246352,2661.2631547536475,retest,newyork
2025-01-14 10:45:00+00:00,2025-01-14 11:00:00+00:00,1,2660.1926102426905,2666.74,2.6897542515999566,533,2661.5374873684905,2672.833512631509,retest,london
2025-01-14 16:30:00+00:00,2025-01-14 16:45:00+00:00,1,2659.0356898585214,2672.605,3.768620282957084,533,2661.5374873684905,2672.833512631509,retest,newyork
2025-01-21 11:15:00+00:00,2025-01-21 11:30:00+00:00,1,2709.5672066921047,2719.99,3.303543759984081,543,2711.2189785720966,2720.0660214279033,retest,london
2025-02-11 13:15:00+00:00,2025-02-11 13:30:00+00:00,1,2875.8707228804915,2889.9984999999997,5.4839540755742195,553,2878.6126999182784,2890.692300081722,retest,overlap
2025-02-12 08:15:00+00:00,2025-02-12 08:30:00+00:00,1,2876.6329731661012,2891.785,3.9594535043539616,553,2878.6126999182784,2890.692300081722,retest,london
2025-02-12 09:30:00+00:00,2025-02-12 09:45:00+00:00,1,2876.810568669959,2890.48,3.604262496638454,553,2878.6126999182784,2890.692300081722,retest,london
2025-02-14 16:45:00+00:00,2025-02-14 17:00:00+00:00,1,2875.284214339955,2895.96,6.656971156647189,553,2878.6126999182784,2890.692300081722,retest,newyork
2025-02-24 14:30:00+00:00,2025-02-24 14:45:00+00:00,1,2932.4210145353436,2942.83,4.627970929313472,556,2936.941468680472,2950.322031319528,retest,overlap
2025-03-21 14:15:00+00:00,2025-03-21 14:30:00+00:00,1,2996.7201778641493,3008.215,5.5626442717022755,567,3019.6202307534736,3028.8147692465263,retest,overlap
2025-03-24 10:00:00+00:00,2025-03-24 10:15:00+00:00,1,3017.998123597051,3027.9235,3.244214312845428,567,3019.6202307534736,3028.8147692465263,retest,london
2025-03-24 12:00:00+00:00,2025-03-24 12:15:00+00:00,1,3018.082010154309,3026.325,3.076441198329365,567,3019.6202307534736,3028.8147692465263,retest,overlap
2025-03-25 14:30:00+00:00,2025-03-25 14:45:00+00:00,1,3016.3664002331066,3030.4449999999997,4.260199533787034,567,3019.6202307534736,3028.8147692465263,retest,overlap
2025-03-26 10:15:00+00:00,2025-03-26 10:30:00+00:00,1,3015.6477045850015,3022.9750000000004,2.764590829996304,567,3019.6202307534736,3028.8147692465263,retest,london
2025-03-26 12:30:00+00:00,2025-03-26 12:45:00+00:00,1,3018.15324022394,3028.8450000000003,2.9339810590672446,567,3019.6202307534736,3028.8147692465263,retest,overlap
2025-03-27 13:45:00+00:00,2025-03-27 14:00:00+00:00,1,3026.530078193829,3040.6735,5.106081408154815,571,3029.0831188979064,3039.1353811020936,retest,overlap
2025-04-09 15:00:00+00:00,2025-04-09 15:15:00+00:00,1,3041.4222749311425,3075.0950000000003,9.888204009878178,568,3046.3663769360815,3066.803623063918,retest,overlap
2025-04-09 17:30:00+00:00,2025-04-09 17:45:00+00:00,1,3040.353536896297,3064.177,12.025680079568636,568,3046.3663769360815,3066.803623063918,retest,newyork
2025-04-09 19:00:00+00:00,2025-04-09 19:15:00+00:00,1,3039.6367205747742,3086.1899999999996,13.459312722614284,568,3046.3663769360815,3066.803623063918,retest,newyork
2025-05-15 15:30:00+00:00,2025-05-15 15:45:00+00:00,-1,3233.8518501511394,3213.77,7.557923912156135,589,3208.6571118049387,3230.0728881950613,retest,newyork
2025-06-05 12:00:00+00:00,2025-06-05 12:15:00+00:00,1,3377.3179888501436,3396.053,5.055332008428909,598,3379.845654854358,3397.2378451456416,retest,overlap
2025-06-05 16:00:00+00:00,2025-06-05 16:15:00+00:00,1,3320.0760025189834,3350.4085,8.976105307379228,587,3324.564055172673,3351.1374448273273,retest,newyork
2025-06-06 14:30:00+00:00,2025-06-06 14:45:00+00:00,1,3312.2060662402164,3333.9285,8.447867519567918,587,3324.564055172673,3351.1374448273273,retest,overlap
2025-06-10 15:15:00+00:00,2025-06-10 15:30:00+00:00,1,3315.902921551694,3326.67,5.408844923718569,595,3318.6073440135533,3338.1576559864466,retest,overlap
2025-06-12 15:15:00+00:00,2025-06-12 15:30:00+00:00,1,3373.8223907014476,3388.3715,8.142218597104605,598,3379.845654854358,3397.2378451456416,retest,overlap
2025-06-16 14:00:00+00:00,2025-06-16 14:15:00+00:00,1,3375.932231926409,3396.6000000000004,7.826845855898255,598,3379.845654854358,3397.2378451456416,retest,overlap
2025-06-17 11:30:00+00:00,2025-06-17 11:45:00+00:00,1,3377.242321376212,3396.3185,5.2066669562923265,598,3379.845654854358,3397.2378451456416,retest,london
2025-06-18 07:30:00+00:00,2025-06-18 07:45:00+00:00,1,3374.878656691649,3384.0235000000002,4.609686616701423,598,3379.845654854358,3397.2378451456416,retest,london
2025-06-30 16:15:00+00:00,2025-06-30 16:30:00+00:00,-1,3309.3074887894622,3292.3785,4.7502122799417545,602,3288.6341173505084,3306.9323826494915,retest,newyork
2025-07-09 11:00:00+00:00,2025-07-09 11:15:00+00:00,-1,3307.752741611356,3293.2934999999998,3.763230940817562,602,3289.6953738590523,3305.8711261409476,retest,london
2025-07-09 13:15:00+00:00,2025-07-09 13:30:00+00:00,-1,3308.021886838996,3295.655,4.301521396097504,602,3289.6953738590523,3305.8711261409476,retest,overlap
2025-07-09 15:00:00+00:00,2025-07-09 15:15:00+00:00,-1,3322.2393119710737,3308.2214999999997,5.073031092058999,604,3307.490703574956,3319.702796425044,retest,overlap
2025-07-21 08:15:00+00:00,2025-07-21 08:30:00+00:00,1,3356.5805717254407,3365.5665,3.048651695946845,608,3358.1048975734143,3369.6366024265853,retest,london
2025-07-24 16:30:00+00:00,2025-07-24 16:45:00+00:00,1,3355.855137143114,3370.6905,4.499520860600848,608,3358.1048975734143,3369.6366024265853,retest,newyork
2025-07-24 18:15:00+00:00,2025-07-24 18:30:00+00:00,1,3356.198428547253,3369.5085,3.8129380523226186,608,3358.1048975734143,3369.6366024265853,retest,newyork
2025-08-22 15:30:00+00:00,2025-08-22 15:45:00+00:00,-1,3381.639227363413,3371.9135,5.608454726825947,587,3325.9032634832674,3349.7982365167327,retest,newyork
2025-08-26 18:00:00+00:00,2025-08-26 18:15:00+00:00,1,3370.265570849788,3382.6,3.186550009176837,620,3371.858845854377,3381.826154145623,retest,newyork
2025-08-27 11:00:00+00:00,2025-08-27 11:15:00+00:00,1,3370.474438816815,3376.895,2.768814075123689,620,3371.858845854377,3381.826154145623,retest,london
2025-08-27 14:00:00+00:00,2025-08-27 14:15:00+00:00,1,3370.246395787012,3379.595,3.224900134729559,620,3371.858845854377,3381.826154145623,retest,overlap
2025-09-17 19:15:00+00:00,2025-09-17 19:30:00+00:00,1,3640.788741328827,3663.975,10.739517342345172,634,3652.5615150495564,3662.1684849504436,retest,newyork
2025-09-18 13:45:00+00:00,2025-09-18 14:00:00+00:00,1,3624.0301017390734,3642.2285,7.606796521853569,634,3652.5615150495564,3662.1684849504436,retest,overlap
2025-10-13 07:00:00+00:00,2025-10-13 07:15:00+00:00,1,4045.9581006054527,4071.953,8.452207478547326,645,4050.1842043447264,4067.2022956552732,retest,london
2025-11-19 14:30:00+00:00,2025-11-19 14:45:00+00:00,1,4085.337600507349,4112.5650000000005,8.89142637687686,659,4089.7833136957875,4106.360186304213,retest,overlap
2025-11-19 17:15:00+00:00,2025-11-19 17:30:00+00:00,1,4029.0646817269735,4072.3050000000003,12.419425225510947,645,4035.274394339729,4070.5221056602713,retest,newyork
2025-12-05 16:15:00+00:00,2025-12-05 16:30:00+00:00,1,4192.9761793199295,4216.655000000001,11.13764136014114,660,4223.772888445795,4252.100611554205,retest,overlap
2025-12-08 15:15:00+00:00,2025-12-08 15:30:00+00:00,1,4171.953008540871,4192.055,8.676982918256034,666,4186.364609723256,4200.388890276745,retest,overlap
2025-12-18 17:30:00+00:00,2025-12-18 17:45:00+00:00,1,4315.719908159575,4337.43,12.820183680849627,668,4342.899763788351,4360.020236211649,retest,newyork
2025-12-29 15:30:00+00:00,2025-12-29 15:45:00+00:00,1,4292.002963812356,4331.4585,19.677072375288603,668,4342.899763788351,4360.020236211649,retest,overlap
2026-02-27 17:30:00+00:00,2026-02-27 17:45:00+00:00,1,5184.2333280921675,5234.6849999999995,14.107142516371596,698,5191.286899350353,5227.700100649647,retest,newyork
2026-03-04 15:15:00+00:00,2026-03-04 15:30:00+00:00,1,5109.964139110111,5156.187,19.597793053968534,699,5119.7630356370955,5156.036964362904,retest,overlap
2026-04-15 07:45:00+00:00,2026-04-15 08:00:00+00:00,1,4778.397088411152,4811.25,8.732731750684836,713,4782.763454286494,4813.638545713506,retest,london
2026-04-15 09:45:00+00:00,2026-04-15 10:00:00+00:00,1,4777.621043755408,4798.3634999999995,10.284821062172686,713,4782.763454286494,4813.638545713506,retest,london
2026-04-15 15:30:00+00:00,2026-04-15 15:45:00+00:00,1,4777.581526335904,4803.625,10.363855901181179,713,4782.763454286494,4813.638545713506,retest,newyork
2026-04-16 14:00:00+00:00,2026-04-16 14:15:00+00:00,1,4777.694604165375,4800.885,10.13770024223876,713,4782.763454286494,4813.638545713506,retest,overlap
2026-04-21 15:00:00+00:00,2026-04-21 15:15:00+00:00,1,4713.378327956554,4748.094999999999,14.005798436044325,719,4720.381227174576,4747.133772825423,retest,overlap
2026-05-05 07:15:00+00:00,2026-05-05 07:30:00+00:00,-1,4573.433112210005,4549.005,7.651384971408669,714,4544.3890802757005,4569.607419724301,retest,london
2026-05-05 12:30:00+00:00,2026-05-05 12:45:00+00:00,-1,4578.954620113422,4567.17,8.449240226844632,714,4544.3890802757005,4569.607419724301,retest,overlap
2026-05-28 17:00:00+00:00,2026-05-28 17:15:00+00:00,-1,4526.858726923292,4504.086499999999,12.738178808410572,728,4483.155362480914,4520.4896375190865,retest,newyork
2026-06-01 16:00:00+00:00,2026-06-01 16:15:00+00:00,-1,4503.225017182195,4467.255,11.362964803408621,732,4471.46646521951,4497.5435347804905,retest,newyork
2026-06-01 17:45:00+00:00,2026-06-01 18:00:00+00:00,-1,4525.780866112551,4487.595,10.582457186928277,728,4483.155362480914,4520.4896375190865,retest,newyork
2026-07-01 14:30:00+00:00,2026-07-01 14:45:00+00:00,-1,4154.662681822285,4093.075,15.600019702059514,747,4111.348828028746,4146.862671971255,retest,overlap
2026-07-02 12:45:00+00:00,2026-07-02 13:00:00+00:00,-1,4153.669130857004,4117.62,13.612917771498845,747,4111.348828028746,4146.862671971255,retest,overlap
