strategy,period,r_target,risk_pct,trades,win_rate_pct,profit_factor,expectancy_R,exp_R_ci_low,exp_R_ci_high,prob_no_edge,net_return_pct,max_drawdown_pct,worst_losing_streak,avg_win,avg_loss,timeouts,skipped_overlapping,final_equity
001A,in-sample,1.0,0.25,179,48.04,0.916,-0.0428,-0.1889,0.1029,0.7005,-1.95,-5.96,8,24.79,-25.03,0,105,9804.61
001A,in-sample,1.0,0.5,179,48.04,0.914,-0.0428,-0.1889,0.1029,0.7005,-3.98,-11.62,8,49.16,-49.73,0,105,9602.2
001A,in-sample,1.5,0.25,158,38.61,0.934,-0.0392,-0.2294,0.1512,0.6635,-1.61,-6.91,9,37.27,-25.1,0,126,9839.01
001A,in-sample,1.5,0.5,158,38.61,0.931,-0.0392,-0.2294,0.1512,0.6635,-3.34,-13.4,9,74.05,-50.01,0,126,9666.4
001A,in-sample,2.0,0.25,145,33.1,0.964,-0.0217,-0.2399,0.207,0.5918,-0.87,-5.97,9,48.91,-25.1,1,139,9912.72
001A,in-sample,2.0,0.5,145,33.1,0.961,-0.0217,-0.2399,0.207,0.5918,-1.91,-11.66,9,97.1,-50.02,1,139,9808.69
001A,in-sample,2.5,0.25,132,25.76,0.793,-0.151,-0.397,0.1095,0.8755,-4.95,-7.93,12,55.76,-24.39,4,152,9505.1
001A,in-sample,2.5,0.5,132,25.76,0.788,-0.151,-0.397,0.1095,0.8755,-9.82,-15.32,12,107.33,-47.25,4,152,9018.32
001A,in-sample,3.0,0.25,129,23.26,0.79,-0.1589,-0.4232,0.1232,0.8697,-5.09,-8.49,12,63.82,-24.48,6,155,9490.56
001A,in-sample,3.0,0.5,129,23.26,0.785,-0.1589,-0.4232,0.1232,0.8697,-10.11,-16.33,12,123.38,-47.6,6,155,8988.78
001A,out-of-sample,1.0,0.25,52,38.46,0.624,-0.2324,-0.5019,0.0371,0.9694,-2.99,-3.95,7,24.88,-24.91,0,22,9700.69
001A,out-of-sample,1.0,0.5,52,38.46,0.626,-0.2324,-0.5019,0.0371,0.9694,-5.93,-7.78,7,49.54,-49.48,0,22,9407.27
001A,out-of-sample,1.5,0.25,50,34.0,0.771,-0.1518,-0.4524,0.1985,0.8555,-1.9,-3.47,8,37.59,-25.13,0,24,9809.73
001A,out-of-sample,1.5,0.5,50,34.0,0.771,-0.1518,-0.4524,0.1985,0.8555,-3.81,-6.86,8,75.36,-50.38,0,24,9618.8
001A,out-of-sample,2.0,0.25,48,29.17,0.82,-0.1269,-0.5022,0.2486,0.784,-1.54,-3.23,8,50.19,-25.2,0,26,9845.98
001A,out-of-sample,2.0,0.5,48,29.17,0.819,-0.1269,-0.5022,0.2486,0.784,-3.11,-6.39,8,100.73,-50.63,0,26,9688.89
001A,out-of-sample,2.5,0.25,46,28.26,0.885,-0.0809,-0.4858,0.3678,0.6465,-0.96,-3.23,8,56.83,-25.29,3,28,9904.11
001A,out-of-sample,2.5,0.5,46,28.26,0.883,-0.0809,-0.4858,0.3678,0.6465,-1.97,-6.4,8,114.34,-51.02,3,28,9802.88
001A,out-of-sample,3.0,0.25,46,28.26,1.033,0.0278,-0.4351,0.5366,0.4603,0.28,-2.73,8,66.84,-25.49,3,28,10027.83
001A,out-of-sample,3.0,0.5,46,28.26,1.028,0.0278,-0.4351,0.5366,0.4603,0.48,-5.39,8,135.18,-51.81,3,28,10047.64
001B,in-sample,1.0,0.25,115,52.17,1.083,0.0411,-0.1506,0.2155,0.3249,1.15,-2.29,7,25.11,-25.3,0,124,10115.22
001B,in-sample,1.0,0.5,115,52.17,1.08,0.0411,-0.1506,0.2155,0.3249,2.24,-4.56,7,50.42,-50.93,0,124,10224.39
001B,in-sample,1.5,0.25,102,41.18,1.041,0.0264,-0.219,0.272,0.3879,0.63,-3.51,7,37.68,-25.33,0,137,10062.79
001B,in-sample,1.5,0.5,102,41.18,1.038,0.0264,-0.219,0.272,0.3879,1.16,-6.94,7,75.7,-51.06,0,137,10116.18
001B,in-sample,2.0,0.25,97,37.11,1.146,0.0951,-0.1989,0.3889,0.2515,2.27,-4.0,7,49.5,-25.49,1,142,10226.96
001B,in-sample,2.0,0.5,97,37.11,1.141,0.0951,-0.1989,0.3889,0.2515,4.46,-7.88,7,99.98,-51.7,1,142,10445.94
001B,in-sample,2.5,0.25,90,30.0,0.954,-0.0288,-0.3289,0.291,0.5814,-0.71,-3.72,7,54.81,-24.62,7,149,9928.96
001B,in-sample,2.5,0.5,90,30.0,0.95,-0.0288,-0.3289,0.291,0.5814,-1.54,-7.35,7,108.56,-48.97,7,149,9845.87
001B,in-sample,3.0,0.25,85,29.41,0.969,-0.0181,-0.3475,0.335,0.5486,-0.45,-4.15,7,57.34,-24.64,11,154,9954.88
001B,in-sample,3.0,0.5,85,29.41,0.965,-0.0181,-0.3475,0.335,0.5486,-1.03,-8.17,7,113.75,-49.12,11,154,9896.66
001B,out-of-sample,1.0,0.25,32,59.38,1.452,0.1865,-0.1266,0.4995,0.183,1.49,-1.0,4,25.22,-25.38,0,14,10149.24
001B,out-of-sample,1.0,0.5,32,59.38,1.447,0.1865,-0.1266,0.4995,0.183,2.99,-1.99,4,50.89,-51.41,0,14,10298.65
001B,out-of-sample,1.5,0.25,30,53.33,1.699,0.3322,-0.085,0.7494,0.0999,2.51,-1.25,5,38.09,-25.63,0,16,10250.65
001B,out-of-sample,1.5,0.5,30,53.33,1.687,0.3322,-0.085,0.7494,0.0999,5.04,-2.48,5,77.37,-52.4,0,16,10504.31
001B,out-of-sample,2.0,0.25,29,48.28,1.848,0.4471,-0.0706,0.9649,0.0439,3.27,-1.25,5,50.91,-25.7,0,17,10327.11
001B,out-of-sample,2.0,0.5,29,48.28,1.835,0.4471,-0.0706,0.9649,0.0439,6.6,-2.48,5,103.65,-52.73,0,17,10660.22
001B,out-of-sample,2.5,0.25,28,46.43,2.047,0.572,-0.0517,1.1992,0.0423,4.06,-1.25,5,61.01,-25.83,2,18,10405.54
001B,out-of-sample,2.5,0.5,28,46.43,2.028,0.572,-0.0517,1.1992,0.0423,8.21,-2.48,5,124.63,-53.25,2,18,10821.48
001B,out-of-sample,3.0,0.25,27,44.44,2.106,0.6289,-0.0673,1.3471,0.0415,4.3,-1.25,5,68.27,-25.94,3,19,10430.21
001B,out-of-sample,3.0,0.5,27,44.44,2.083,0.6289,-0.0673,1.3471,0.0415,8.72,-2.48,5,139.76,-53.69,3,19,10871.9
